lenacs,dataset,classifier,experiment,result
3,15scenes_bow_soft_max_1000_unbalanced,ocsvmO,1,0.514585960573
3,15scenes_bow_soft_max_1000_unbalanced,ocsvmO,2,0.376973424003
3,15scenes_bow_soft_max_1000_unbalanced,ocsvmO,3,0.393610697695
3,15scenes_bow_soft_max_1000_unbalanced,ocsvmO,4,0.353135123012
3,15scenes_bow_soft_max_1000_unbalanced,ocsvmO,5,0.354381331036
3,15scenes_bow_soft_max_1000_unbalanced,ocsvmO,6,0.528829240683
3,15scenes_bow_soft_max_1000_unbalanced,ocsvmO,7,0.544325384899
3,15scenes_bow_soft_max_1000_unbalanced,ocsvmO,8,0.597242072595
3,15scenes_bow_soft_max_1000_unbalanced,ocsvmO,9,0.4424559737
3,15scenes_bow_soft_max_1000_unbalanced,ocsvmO,10,0.348828191252
3,15scenes_bow_soft_max_1000_unbalanced,ssvmO,1,0.393050137414
3,15scenes_bow_soft_max_1000_unbalanced,ssvmO,2,0.459583338655
3,15scenes_bow_soft_max_1000_unbalanced,ssvmO,3,0.38026227638
3,15scenes_bow_soft_max_1000_unbalanced,ssvmO,4,0.462238414186
3,15scenes_bow_soft_max_1000_unbalanced,ssvmO,5,0.4800179812
3,15scenes_bow_soft_max_1000_unbalanced,ssvmO,6,0.539242830306
3,15scenes_bow_soft_max_1000_unbalanced,ssvmO,7,0.666045026452
3,15scenes_bow_soft_max_1000_unbalanced,ssvmO,8,0.507622272948
3,15scenes_bow_soft_max_1000_unbalanced,ssvmO,9,0.358967705685
3,15scenes_bow_soft_max_1000_unbalanced,ssvmO,10,0.348899972619
3,15scenes_bow_soft_max_1000_unbalanced,svddO,1,0.236354056902
3,15scenes_bow_soft_max_1000_unbalanced,svddO,2,0.234739772971
3,15scenes_bow_soft_max_1000_unbalanced,svddO,3,0.239670262569
3,15scenes_bow_soft_max_1000_unbalanced,svddO,4,0.243982919255
3,15scenes_bow_soft_max_1000_unbalanced,svddO,5,0.243982919255
3,15scenes_bow_soft_max_1000_unbalanced,svddO,6,0.232123212321
3,15scenes_bow_soft_max_1000_unbalanced,svddO,7,0.226968367583
3,15scenes_bow_soft_max_1000_unbalanced,svddO,8,0.262671237187
3,15scenes_bow_soft_max_1000_unbalanced,svddO,9,0.232463831653
3,15scenes_bow_soft_max_1000_unbalanced,svddO,10,0.24201547312
3,15scenes_bow_soft_max_1000_unbalanced,svmO,1,0.0246960486322
3,15scenes_bow_soft_max_1000_unbalanced,svmO,2,0.25524557316
3,15scenes_bow_soft_max_1000_unbalanced,svmO,3,0.0340619307832
3,15scenes_bow_soft_max_1000_unbalanced,svmO,4,0.336192716171
3,15scenes_bow_soft_max_1000_unbalanced,svmO,5,0.0196649672251
3,15scenes_bow_soft_max_1000_unbalanced,svmO,6,0.0356598016781
3,15scenes_bow_soft_max_1000_unbalanced,svmO,7,0.563308969462
3,15scenes_bow_soft_max_1000_unbalanced,svmO,8,0.310137664661
3,15scenes_bow_soft_max_1000_unbalanced,svmO,9,0.320331247943
3,15scenes_bow_soft_max_1000_unbalanced,svmO,10,0.0264020393299
3,15scenes_bow_soft_max_1000_unbalanced,svmdbcO,1,0.454274956452
3,15scenes_bow_soft_max_1000_unbalanced,svmdbcO,2,0.370541360254
3,15scenes_bow_soft_max_1000_unbalanced,svmdbcO,3,0.414983053929
3,15scenes_bow_soft_max_1000_unbalanced,svmdbcO,4,0.545311277455
3,15scenes_bow_soft_max_1000_unbalanced,svmdbcO,5,0.553696187186
3,15scenes_bow_soft_max_1000_unbalanced,svmdbcO,6,0.402143053061
3,15scenes_bow_soft_max_1000_unbalanced,svmdbcO,7,0.517453464345
3,15scenes_bow_soft_max_1000_unbalanced,svmdbcO,8,0.585192835444
3,15scenes_bow_soft_max_1000_unbalanced,svmdbcO,9,0.331769580314
3,15scenes_bow_soft_max_1000_unbalanced,svmdbcO,10,0.27044852125
3,15scenes_bow_soft_max_1000_unbalanced,pisvmO,1,0.520580381824
3,15scenes_bow_soft_max_1000_unbalanced,pisvmO,2,0.234739772971
3,15scenes_bow_soft_max_1000_unbalanced,pisvmO,3,0.424322064432
3,15scenes_bow_soft_max_1000_unbalanced,pisvmO,4,0.243982919255
3,15scenes_bow_soft_max_1000_unbalanced,pisvmO,5,0.243982919255
3,15scenes_bow_soft_max_1000_unbalanced,pisvmO,6,0.516098034247
3,15scenes_bow_soft_max_1000_unbalanced,pisvmO,7,0.599640965207
3,15scenes_bow_soft_max_1000_unbalanced,pisvmO,8,0.541279864786
3,15scenes_bow_soft_max_1000_unbalanced,pisvmO,9,0.232463831653
3,15scenes_bow_soft_max_1000_unbalanced,pisvmO,10,0.338832091415
3,15scenes_bow_soft_max_1000_unbalanced,onevsetO,5,0.0552961968647
3,15scenes_bow_soft_max_1000_unbalanced,onevsetO,1,0.161869940231
3,15scenes_bow_soft_max_1000_unbalanced,onevsetO,2,0.112073954432
3,15scenes_bow_soft_max_1000_unbalanced,onevsetO,8,0.488170245086
3,15scenes_bow_soft_max_1000_unbalanced,onevsetO,10,0.179644565407
3,15scenes_bow_soft_max_1000_unbalanced,onevsetO,3,0.0863387340013
3,15scenes_bow_soft_max_1000_unbalanced,onevsetO,4,0.0412192244946
3,15scenes_bow_soft_max_1000_unbalanced,onevsetO,9,0.245527832144
3,15scenes_bow_soft_max_1000_unbalanced,onevsetO,6,0.217699156562
3,15scenes_bow_soft_max_1000_unbalanced,onevsetO,7,0.232093408086
6,15scenes_bow_soft_max_1000_unbalanced,ocsvmO,1,0.33018037879
6,15scenes_bow_soft_max_1000_unbalanced,ocsvmO,2,0.374570003194
6,15scenes_bow_soft_max_1000_unbalanced,ocsvmO,3,0.262727366935
6,15scenes_bow_soft_max_1000_unbalanced,ocsvmO,4,0.388748554064
6,15scenes_bow_soft_max_1000_unbalanced,ocsvmO,5,0.329181526488
6,15scenes_bow_soft_max_1000_unbalanced,ocsvmO,6,0.413750835333
6,15scenes_bow_soft_max_1000_unbalanced,ocsvmO,7,0.285312079376
6,15scenes_bow_soft_max_1000_unbalanced,ocsvmO,8,0.370954953557
6,15scenes_bow_soft_max_1000_unbalanced,ocsvmO,9,0.379237116563
6,15scenes_bow_soft_max_1000_unbalanced,ocsvmO,10,0.295056046304
6,15scenes_bow_soft_max_1000_unbalanced,ssvmO,1,0.319732060161
6,15scenes_bow_soft_max_1000_unbalanced,ssvmO,2,0.394919476889
6,15scenes_bow_soft_max_1000_unbalanced,ssvmO,3,0.250183295701
6,15scenes_bow_soft_max_1000_unbalanced,ssvmO,4,0.469040165266
6,15scenes_bow_soft_max_1000_unbalanced,ssvmO,5,0.341643089614
6,15scenes_bow_soft_max_1000_unbalanced,ssvmO,6,0.444997243631
6,15scenes_bow_soft_max_1000_unbalanced,ssvmO,7,0.250940831972
6,15scenes_bow_soft_max_1000_unbalanced,ssvmO,8,0.42920103457
6,15scenes_bow_soft_max_1000_unbalanced,ssvmO,9,0.292949506762
6,15scenes_bow_soft_max_1000_unbalanced,ssvmO,10,0.190750539826
6,15scenes_bow_soft_max_1000_unbalanced,svddO,1,0.127740705434
6,15scenes_bow_soft_max_1000_unbalanced,svddO,2,0.12113683418
6,15scenes_bow_soft_max_1000_unbalanced,svddO,3,0.133337467828
6,15scenes_bow_soft_max_1000_unbalanced,svddO,4,0.119279529994
6,15scenes_bow_soft_max_1000_unbalanced,svddO,5,0.128230246934
6,15scenes_bow_soft_max_1000_unbalanced,svddO,6,0.109687609688
6,15scenes_bow_soft_max_1000_unbalanced,svddO,7,0.123884210907
6,15scenes_bow_soft_max_1000_unbalanced,svddO,8,0.120628176921
6,15scenes_bow_soft_max_1000_unbalanced,svddO,9,0.114729829756
6,15scenes_bow_soft_max_1000_unbalanced,svddO,10,0.124879854758
6,15scenes_bow_soft_max_1000_unbalanced,svmO,1,0.246896742221
6,15scenes_bow_soft_max_1000_unbalanced,svmO,2,0.363931220977
6,15scenes_bow_soft_max_1000_unbalanced,svmO,3,0.239561993696
6,15scenes_bow_soft_max_1000_unbalanced,svmO,4,0.389234659214
6,15scenes_bow_soft_max_1000_unbalanced,svmO,5,0.234779866698
6,15scenes_bow_soft_max_1000_unbalanced,svmO,6,0.473596564209
6,15scenes_bow_soft_max_1000_unbalanced,svmO,7,0.123884210907
6,15scenes_bow_soft_max_1000_unbalanced,svmO,8,0.354662558684
6,15scenes_bow_soft_max_1000_unbalanced,svmO,9,0.228155437042
6,15scenes_bow_soft_max_1000_unbalanced,svmO,10,0.221455845694
6,15scenes_bow_soft_max_1000_unbalanced,svmdbcO,1,0.453634451577
6,15scenes_bow_soft_max_1000_unbalanced,svmdbcO,2,0.409666404829
6,15scenes_bow_soft_max_1000_unbalanced,svmdbcO,3,0.247051649352
6,15scenes_bow_soft_max_1000_unbalanced,svmdbcO,4,0.529404665408
6,15scenes_bow_soft_max_1000_unbalanced,svmdbcO,5,0.241793218424
6,15scenes_bow_soft_max_1000_unbalanced,svmdbcO,6,0.34015609382
6,15scenes_bow_soft_max_1000_unbalanced,svmdbcO,7,0.222386614925
6,15scenes_bow_soft_max_1000_unbalanced,svmdbcO,8,0.345683044784
6,15scenes_bow_soft_max_1000_unbalanced,svmdbcO,9,0.285296297212
6,15scenes_bow_soft_max_1000_unbalanced,svmdbcO,10,0.259978374219
6,15scenes_bow_soft_max_1000_unbalanced,pisvmO,1,0.337687577913
6,15scenes_bow_soft_max_1000_unbalanced,pisvmO,2,0.471627106135
6,15scenes_bow_soft_max_1000_unbalanced,pisvmO,3,0.234676416344
6,15scenes_bow_soft_max_1000_unbalanced,pisvmO,4,0.593227620637
6,15scenes_bow_soft_max_1000_unbalanced,pisvmO,5,0.449153882772
6,15scenes_bow_soft_max_1000_unbalanced,pisvmO,6,0.442380210494
6,15scenes_bow_soft_max_1000_unbalanced,pisvmO,7,0.304457744103
6,15scenes_bow_soft_max_1000_unbalanced,pisvmO,8,0.432425509443
6,15scenes_bow_soft_max_1000_unbalanced,pisvmO,9,0.360617063516
6,15scenes_bow_soft_max_1000_unbalanced,pisvmO,10,0.291244270867
6,15scenes_bow_soft_max_1000_unbalanced,onevsetO,2,0.281337440632
6,15scenes_bow_soft_max_1000_unbalanced,onevsetO,8,0.265378766672
6,15scenes_bow_soft_max_1000_unbalanced,onevsetO,1,0.197007801872
6,15scenes_bow_soft_max_1000_unbalanced,onevsetO,10,0.173031970361
6,15scenes_bow_soft_max_1000_unbalanced,onevsetO,3,0.11260627324
6,15scenes_bow_soft_max_1000_unbalanced,onevsetO,7,0.257911135131
6,15scenes_bow_soft_max_1000_unbalanced,onevsetO,4,0.276327648756
6,15scenes_bow_soft_max_1000_unbalanced,onevsetO,5,0.171527900337
6,15scenes_bow_soft_max_1000_unbalanced,onevsetO,9,0.213370867187
6,15scenes_bow_soft_max_1000_unbalanced,onevsetO,6,0.374990580559
9,15scenes_bow_soft_max_1000_unbalanced,ocsvmO,1,0.334941836402
9,15scenes_bow_soft_max_1000_unbalanced,ocsvmO,2,0.333892462949
9,15scenes_bow_soft_max_1000_unbalanced,ocsvmO,3,0.35891626481
9,15scenes_bow_soft_max_1000_unbalanced,ocsvmO,4,0.324771548498
9,15scenes_bow_soft_max_1000_unbalanced,ocsvmO,5,0.333157564626
9,15scenes_bow_soft_max_1000_unbalanced,ocsvmO,6,0.325044568925
9,15scenes_bow_soft_max_1000_unbalanced,ocsvmO,7,0.38829151862
9,15scenes_bow_soft_max_1000_unbalanced,ocsvmO,8,0.370105865514
9,15scenes_bow_soft_max_1000_unbalanced,ocsvmO,9,0.281741157978
9,15scenes_bow_soft_max_1000_unbalanced,ocsvmO,10,0.343485349938
9,15scenes_bow_soft_max_1000_unbalanced,ssvmO,1,0.4063497382
9,15scenes_bow_soft_max_1000_unbalanced,ssvmO,2,0.345731090988
9,15scenes_bow_soft_max_1000_unbalanced,ssvmO,3,0.416392704734
9,15scenes_bow_soft_max_1000_unbalanced,ssvmO,4,0.331807325805
9,15scenes_bow_soft_max_1000_unbalanced,ssvmO,5,0.343124518902
9,15scenes_bow_soft_max_1000_unbalanced,ssvmO,6,0.31049688431
9,15scenes_bow_soft_max_1000_unbalanced,ssvmO,7,0.400216360033
9,15scenes_bow_soft_max_1000_unbalanced,ssvmO,8,0.383740486461
9,15scenes_bow_soft_max_1000_unbalanced,ssvmO,9,0.217568554881
9,15scenes_bow_soft_max_1000_unbalanced,ssvmO,10,0.276860626127
9,15scenes_bow_soft_max_1000_unbalanced,svddO,1,0.0699002407981
9,15scenes_bow_soft_max_1000_unbalanced,svddO,2,0.0714333669016
9,15scenes_bow_soft_max_1000_unbalanced,svddO,3,0.065087004813
9,15scenes_bow_soft_max_1000_unbalanced,svddO,4,0.0707399864223
9,15scenes_bow_soft_max_1000_unbalanced,svddO,5,0.0642428785607
9,15scenes_bow_soft_max_1000_unbalanced,svddO,6,0.0676638176638
9,15scenes_bow_soft_max_1000_unbalanced,svddO,7,0.0516614975631
9,15scenes_bow_soft_max_1000_unbalanced,svddO,8,0.0663272727273
9,15scenes_bow_soft_max_1000_unbalanced,svddO,9,0.0733658536585
9,15scenes_bow_soft_max_1000_unbalanced,svddO,10,0.0649350649351
9,15scenes_bow_soft_max_1000_unbalanced,svmO,1,0.379949767647
9,15scenes_bow_soft_max_1000_unbalanced,svmO,2,0.345569896778
9,15scenes_bow_soft_max_1000_unbalanced,svmO,3,0.425604103701
9,15scenes_bow_soft_max_1000_unbalanced,svmO,4,0.2969063323
9,15scenes_bow_soft_max_1000_unbalanced,svmO,5,0.32008725932
9,15scenes_bow_soft_max_1000_unbalanced,svmO,6,0.251127149583
9,15scenes_bow_soft_max_1000_unbalanced,svmO,7,0.413517839206
9,15scenes_bow_soft_max_1000_unbalanced,svmO,8,0.286489227499
9,15scenes_bow_soft_max_1000_unbalanced,svmO,9,0.131861853697
9,15scenes_bow_soft_max_1000_unbalanced,svmO,10,0.20956446434
9,15scenes_bow_soft_max_1000_unbalanced,svmdbcO,1,0.275247465264
9,15scenes_bow_soft_max_1000_unbalanced,svmdbcO,2,0.260221763157
9,15scenes_bow_soft_max_1000_unbalanced,svmdbcO,3,0.424560887511
9,15scenes_bow_soft_max_1000_unbalanced,svmdbcO,4,0.396458725765
9,15scenes_bow_soft_max_1000_unbalanced,svmdbcO,5,0.243618564262
9,15scenes_bow_soft_max_1000_unbalanced,svmdbcO,6,0.303576744602
9,15scenes_bow_soft_max_1000_unbalanced,svmdbcO,7,0.283832460723
9,15scenes_bow_soft_max_1000_unbalanced,svmdbcO,8,0.344407731221
9,15scenes_bow_soft_max_1000_unbalanced,svmdbcO,9,0.204127991594
9,15scenes_bow_soft_max_1000_unbalanced,svmdbcO,10,0.134224038092
9,15scenes_bow_soft_max_1000_unbalanced,pisvmO,1,0.278872827892
9,15scenes_bow_soft_max_1000_unbalanced,pisvmO,2,0.39338423885
9,15scenes_bow_soft_max_1000_unbalanced,pisvmO,3,0.421100532469
9,15scenes_bow_soft_max_1000_unbalanced,pisvmO,4,0.408743029399
9,15scenes_bow_soft_max_1000_unbalanced,pisvmO,5,0.393663493483
9,15scenes_bow_soft_max_1000_unbalanced,pisvmO,6,0.267075440572
9,15scenes_bow_soft_max_1000_unbalanced,pisvmO,7,0.464391372454
9,15scenes_bow_soft_max_1000_unbalanced,pisvmO,8,0.496305918812
9,15scenes_bow_soft_max_1000_unbalanced,pisvmO,9,0.386464598686
9,15scenes_bow_soft_max_1000_unbalanced,pisvmO,10,0.381979748923
9,15scenes_bow_soft_max_1000_unbalanced,onevsetO,4,0.244947728728
9,15scenes_bow_soft_max_1000_unbalanced,onevsetO,9,0.332689502463
9,15scenes_bow_soft_max_1000_unbalanced,onevsetO,6,0.319558302109
9,15scenes_bow_soft_max_1000_unbalanced,onevsetO,7,0.314946132191
9,15scenes_bow_soft_max_1000_unbalanced,onevsetO,1,0.276491026582
9,15scenes_bow_soft_max_1000_unbalanced,onevsetO,5,0.439468617701
9,15scenes_bow_soft_max_1000_unbalanced,onevsetO,3,0.371079172761
9,15scenes_bow_soft_max_1000_unbalanced,onevsetO,8,0.425253097282
9,15scenes_bow_soft_max_1000_unbalanced,onevsetO,2,0.253832052216
9,15scenes_bow_soft_max_1000_unbalanced,onevsetO,10,0.289278804103
12,15scenes_bow_soft_max_1000_unbalanced,ocsvmO,1,0.27807580585
12,15scenes_bow_soft_max_1000_unbalanced,ocsvmO,2,0.272224713779
12,15scenes_bow_soft_max_1000_unbalanced,ocsvmO,3,0.312953981689
12,15scenes_bow_soft_max_1000_unbalanced,ocsvmO,4,0.281976993517
12,15scenes_bow_soft_max_1000_unbalanced,ocsvmO,5,0.303530981146
12,15scenes_bow_soft_max_1000_unbalanced,ocsvmO,6,0.310772164429
12,15scenes_bow_soft_max_1000_unbalanced,ocsvmO,7,0.325033476263
12,15scenes_bow_soft_max_1000_unbalanced,ocsvmO,8,0.276414425093
12,15scenes_bow_soft_max_1000_unbalanced,ocsvmO,9,0.345054972839
12,15scenes_bow_soft_max_1000_unbalanced,ocsvmO,10,0.288000852406
12,15scenes_bow_soft_max_1000_unbalanced,ssvmO,1,0.359505009171
12,15scenes_bow_soft_max_1000_unbalanced,ssvmO,2,0.287363197778
12,15scenes_bow_soft_max_1000_unbalanced,ssvmO,3,0.291579930207
12,15scenes_bow_soft_max_1000_unbalanced,ssvmO,4,0.283082273988
12,15scenes_bow_soft_max_1000_unbalanced,ssvmO,5,0.354798702309
12,15scenes_bow_soft_max_1000_unbalanced,ssvmO,6,0.353312268672
12,15scenes_bow_soft_max_1000_unbalanced,ssvmO,7,0.337884755253
12,15scenes_bow_soft_max_1000_unbalanced,ssvmO,8,0.288417478224
12,15scenes_bow_soft_max_1000_unbalanced,ssvmO,9,0.361516223461
12,15scenes_bow_soft_max_1000_unbalanced,ssvmO,10,0.301274281422
12,15scenes_bow_soft_max_1000_unbalanced,svddO,1,0.0411897790791
12,15scenes_bow_soft_max_1000_unbalanced,svddO,2,0.0437374477988
12,15scenes_bow_soft_max_1000_unbalanced,svddO,3,0.0215261608751
12,15scenes_bow_soft_max_1000_unbalanced,svddO,4,0.0405777628485
12,15scenes_bow_soft_max_1000_unbalanced,svddO,5,0.030251969121
12,15scenes_bow_soft_max_1000_unbalanced,svddO,6,0.0435908088588
12,15scenes_bow_soft_max_1000_unbalanced,svddO,7,0.030251969121
12,15scenes_bow_soft_max_1000_unbalanced,svddO,8,0.0427710452984
12,15scenes_bow_soft_max_1000_unbalanced,svddO,9,0.00477124529502
12,15scenes_bow_soft_max_1000_unbalanced,svddO,10,0.0416157479275
12,15scenes_bow_soft_max_1000_unbalanced,svmO,1,0.336045092756
12,15scenes_bow_soft_max_1000_unbalanced,svmO,2,0.274012198089
12,15scenes_bow_soft_max_1000_unbalanced,svmO,3,0.22811286679
12,15scenes_bow_soft_max_1000_unbalanced,svmO,4,0.303645601128
12,15scenes_bow_soft_max_1000_unbalanced,svmO,5,0.3149779424
12,15scenes_bow_soft_max_1000_unbalanced,svmO,6,0.320871526463
12,15scenes_bow_soft_max_1000_unbalanced,svmO,7,0.279951359782
12,15scenes_bow_soft_max_1000_unbalanced,svmO,8,0.189096330172
12,15scenes_bow_soft_max_1000_unbalanced,svmO,9,0.342054289964
12,15scenes_bow_soft_max_1000_unbalanced,svmO,10,0.294918185384
12,15scenes_bow_soft_max_1000_unbalanced,svmdbcO,1,0.328940753978
12,15scenes_bow_soft_max_1000_unbalanced,svmdbcO,2,0.243169869793
12,15scenes_bow_soft_max_1000_unbalanced,svmdbcO,3,0.180463442988
12,15scenes_bow_soft_max_1000_unbalanced,svmdbcO,4,0.253667169834
12,15scenes_bow_soft_max_1000_unbalanced,svmdbcO,5,0.285023664321
12,15scenes_bow_soft_max_1000_unbalanced,svmdbcO,6,0.323139924706
12,15scenes_bow_soft_max_1000_unbalanced,svmdbcO,7,0.282070302086
12,15scenes_bow_soft_max_1000_unbalanced,svmdbcO,8,0.246456919037
12,15scenes_bow_soft_max_1000_unbalanced,svmdbcO,9,0.276419150437
12,15scenes_bow_soft_max_1000_unbalanced,svmdbcO,10,0.187322929099
12,15scenes_bow_soft_max_1000_unbalanced,pisvmO,2,0.393849579831
12,15scenes_bow_soft_max_1000_unbalanced,pisvmO,8,0.328739108668
12,15scenes_bow_soft_max_1000_unbalanced,pisvmO,6,0.358067272869
12,15scenes_bow_soft_max_1000_unbalanced,pisvmO,1,0.274932385909
12,15scenes_bow_soft_max_1000_unbalanced,pisvmO,10,0.0917784413588
12,15scenes_bow_soft_max_1000_unbalanced,pisvmO,7,0.394214927033
12,15scenes_bow_soft_max_1000_unbalanced,pisvmO,3,0.30444158458
12,15scenes_bow_soft_max_1000_unbalanced,pisvmO,9,0.428501320179
12,15scenes_bow_soft_max_1000_unbalanced,pisvmO,4,0.123872088342
12,15scenes_bow_soft_max_1000_unbalanced,pisvmO,5,0.380373047412
12,15scenes_bow_soft_max_1000_unbalanced,onevsetO,2,0.388172989151
12,15scenes_bow_soft_max_1000_unbalanced,onevsetO,8,0.378452759819
12,15scenes_bow_soft_max_1000_unbalanced,onevsetO,1,0.338621974608
12,15scenes_bow_soft_max_1000_unbalanced,onevsetO,6,0.373061445938
12,15scenes_bow_soft_max_1000_unbalanced,onevsetO,10,0.333104243712
12,15scenes_bow_soft_max_1000_unbalanced,onevsetO,7,0.361332815046
12,15scenes_bow_soft_max_1000_unbalanced,onevsetO,3,0.405656122502
12,15scenes_bow_soft_max_1000_unbalanced,onevsetO,9,0.409158528009
12,15scenes_bow_soft_max_1000_unbalanced,onevsetO,5,0.388138647783
12,15scenes_bow_soft_max_1000_unbalanced,onevsetO,4,0.339827948009
3,aloi_bic_unbalanced,ocsvmO,1,0.533816049744
3,aloi_bic_unbalanced,ocsvmO,6,0.593689000102
3,aloi_bic_unbalanced,ocsvmO,5,0.713443213769
3,aloi_bic_unbalanced,ocsvmO,8,0.578602507792
3,aloi_bic_unbalanced,ocsvmO,7,0.517995076015
3,aloi_bic_unbalanced,ocsvmO,10,0.620928848897
3,aloi_bic_unbalanced,ocsvmO,9,0.552613333569
3,aloi_bic_unbalanced,ocsvmO,4,0.550663576341
3,aloi_bic_unbalanced,ocsvmO,2,0.497053047664
3,aloi_bic_unbalanced,ocsvmO,3,0.641918227544
3,aloi_bic_unbalanced,ssvmO,1,0.7447404172
3,aloi_bic_unbalanced,ssvmO,6,0.787172703051
3,aloi_bic_unbalanced,ssvmO,5,0.585994588259
3,aloi_bic_unbalanced,ssvmO,8,0.411440425205
3,aloi_bic_unbalanced,ssvmO,7,0.611946698271
3,aloi_bic_unbalanced,ssvmO,10,0.650624175958
3,aloi_bic_unbalanced,ssvmO,9,0.370402917864
3,aloi_bic_unbalanced,ssvmO,2,0.489154586562
3,aloi_bic_unbalanced,ssvmO,4,0.526957799159
3,aloi_bic_unbalanced,ssvmO,3,0.755846029419
3,aloi_bic_unbalanced,svddO,1,0.249753468444
3,aloi_bic_unbalanced,svddO,6,0.249851407805
3,aloi_bic_unbalanced,svddO,5,0.249851407805
3,aloi_bic_unbalanced,svddO,8,0.249753468444
3,aloi_bic_unbalanced,svddO,7,0.249753468444
3,aloi_bic_unbalanced,svddO,10,0.249753468444
3,aloi_bic_unbalanced,svddO,9,0.249851407805
3,aloi_bic_unbalanced,svddO,2,0.249851407805
3,aloi_bic_unbalanced,svddO,4,0.249851407805
3,aloi_bic_unbalanced,svddO,3,0.249753468444
3,aloi_bic_unbalanced,svmO,1,0.353503537547
3,aloi_bic_unbalanced,svmO,6,0.531588729536
3,aloi_bic_unbalanced,svmO,5,0.593811978293
3,aloi_bic_unbalanced,svmO,8,0.395668841107
3,aloi_bic_unbalanced,svmO,7,0.392144763178
3,aloi_bic_unbalanced,svmO,10,0.398798723253
3,aloi_bic_unbalanced,svmO,9,0.355076695576
3,aloi_bic_unbalanced,svmO,2,0.370013001328
3,aloi_bic_unbalanced,svmO,4,0.341972373435
3,aloi_bic_unbalanced,svmO,3,0.420675973455
3,aloi_bic_unbalanced,svmdbcO,1,0.442831561043
3,aloi_bic_unbalanced,svmdbcO,6,0.444894919519
3,aloi_bic_unbalanced,svmdbcO,5,0.450617988819
3,aloi_bic_unbalanced,svmdbcO,8,0.399405177767
3,aloi_bic_unbalanced,svmdbcO,7,0.391109872307
3,aloi_bic_unbalanced,svmdbcO,10,0.635457582029
3,aloi_bic_unbalanced,svmdbcO,9,0.372049332398
3,aloi_bic_unbalanced,svmdbcO,2,0.362162081627
3,aloi_bic_unbalanced,svmdbcO,4,0.384189878345
3,aloi_bic_unbalanced,svmdbcO,3,0.642194909347
3,aloi_bic_unbalanced,pisvmO,1,0.75309298098
3,aloi_bic_unbalanced,pisvmO,6,0.450607826551
3,aloi_bic_unbalanced,pisvmO,5,0.811204054256
3,aloi_bic_unbalanced,pisvmO,8,0.477055134073
3,aloi_bic_unbalanced,pisvmO,7,0.660039426164
3,aloi_bic_unbalanced,pisvmO,10,0.587872480233
3,aloi_bic_unbalanced,pisvmO,9,0.407109138824
3,aloi_bic_unbalanced,pisvmO,2,0.376449303884
3,aloi_bic_unbalanced,pisvmO,4,0.390883494757
3,aloi_bic_unbalanced,pisvmO,3,0.646702097389
3,aloi_bic_unbalanced,onevsetO,1,0.341086776964
3,aloi_bic_unbalanced,onevsetO,6,0.374174819364
3,aloi_bic_unbalanced,onevsetO,5,0.347788067252
3,aloi_bic_unbalanced,onevsetO,8,0.332973743985
3,aloi_bic_unbalanced,onevsetO,7,0.3393130008
3,aloi_bic_unbalanced,onevsetO,10,0.243365527508
3,aloi_bic_unbalanced,onevsetO,9,0.294317672293
3,aloi_bic_unbalanced,onevsetO,2,0.28296291665
3,aloi_bic_unbalanced,onevsetO,4,0.325805067139
3,aloi_bic_unbalanced,onevsetO,3,0.253521459503
6,aloi_bic_unbalanced,ocsvmO,9,0.568884972541
6,aloi_bic_unbalanced,ocsvmO,1,0.419630501303
6,aloi_bic_unbalanced,ocsvmO,3,0.388898629029
6,aloi_bic_unbalanced,ocsvmO,2,0.583557384048
6,aloi_bic_unbalanced,ocsvmO,6,0.564623472718
6,aloi_bic_unbalanced,ocsvmO,7,0.579985200291
6,aloi_bic_unbalanced,ocsvmO,8,0.394235542889
6,aloi_bic_unbalanced,ocsvmO,5,0.653512726723
6,aloi_bic_unbalanced,ocsvmO,4,0.596027199456
6,aloi_bic_unbalanced,ocsvmO,10,0.414061550922
6,aloi_bic_unbalanced,ssvmO,9,0.457328165455
6,aloi_bic_unbalanced,ssvmO,1,0.64340243092
6,aloi_bic_unbalanced,ssvmO,3,0.674108517969
6,aloi_bic_unbalanced,ssvmO,2,0.706744030088
6,aloi_bic_unbalanced,ssvmO,6,0.628827440639
6,aloi_bic_unbalanced,ssvmO,8,0.643278209414
6,aloi_bic_unbalanced,ssvmO,7,0.827364115577
6,aloi_bic_unbalanced,ssvmO,5,0.504064969523
6,aloi_bic_unbalanced,ssvmO,4,0.701613131236
6,aloi_bic_unbalanced,ssvmO,10,0.648926603587
6,aloi_bic_unbalanced,svddO,9,0.142687025646
6,aloi_bic_unbalanced,svddO,3,0.142743057157
6,aloi_bic_unbalanced,svddO,1,0.14263086053
6,aloi_bic_unbalanced,svddO,6,0.14263086053
6,aloi_bic_unbalanced,svddO,2,0.14263086053
6,aloi_bic_unbalanced,svddO,7,0.142518127562
6,aloi_bic_unbalanced,svddO,8,0.142687025646
6,aloi_bic_unbalanced,svddO,5,0.142743057157
6,aloi_bic_unbalanced,svddO,4,0.142687025646
6,aloi_bic_unbalanced,svddO,10,0.14263086053
6,aloi_bic_unbalanced,svmO,9,0.443075228116
6,aloi_bic_unbalanced,svmO,1,0.5089077934
6,aloi_bic_unbalanced,svmO,3,0.520133614444
6,aloi_bic_unbalanced,svmO,2,0.596614352808
6,aloi_bic_unbalanced,svmO,6,0.503271961049
6,aloi_bic_unbalanced,svmO,7,0.766632274091
6,aloi_bic_unbalanced,svmO,8,0.605830308972
6,aloi_bic_unbalanced,svmO,5,0.455483388406
6,aloi_bic_unbalanced,svmO,4,0.661453933507
6,aloi_bic_unbalanced,svmO,10,0.512430232654
6,aloi_bic_unbalanced,svmdbcO,9,0.427682622742
6,aloi_bic_unbalanced,svmdbcO,1,0.546264989931
6,aloi_bic_unbalanced,svmdbcO,3,0.600698642188
6,aloi_bic_unbalanced,svmdbcO,2,0.51394154652
6,aloi_bic_unbalanced,svmdbcO,6,0.562228985474
6,aloi_bic_unbalanced,svmdbcO,7,0.812678871662
6,aloi_bic_unbalanced,svmdbcO,8,0.633697966158
6,aloi_bic_unbalanced,svmdbcO,5,0.397480266987
6,aloi_bic_unbalanced,svmdbcO,4,0.612257513015
6,aloi_bic_unbalanced,svmdbcO,10,0.370237279507
6,aloi_bic_unbalanced,pisvmO,9,0.649174716936
6,aloi_bic_unbalanced,pisvmO,1,0.326425575563
6,aloi_bic_unbalanced,pisvmO,3,0.248803075559
6,aloi_bic_unbalanced,pisvmO,2,0.465073131342
6,aloi_bic_unbalanced,pisvmO,6,0.29419117608
6,aloi_bic_unbalanced,pisvmO,7,0.516839008702
6,aloi_bic_unbalanced,pisvmO,8,0.303660771024
6,aloi_bic_unbalanced,pisvmO,5,0.311342134389
6,aloi_bic_unbalanced,pisvmO,4,0.697271118385
6,aloi_bic_unbalanced,pisvmO,10,0.309314187887
6,aloi_bic_unbalanced,onevsetO,9,0.0116205443372
6,aloi_bic_unbalanced,onevsetO,1,0.257390758532
6,aloi_bic_unbalanced,onevsetO,3,0.231378438773
6,aloi_bic_unbalanced,onevsetO,2,0.2160552139
6,aloi_bic_unbalanced,onevsetO,6,0.223910582263
6,aloi_bic_unbalanced,onevsetO,7,0.263594154288
6,aloi_bic_unbalanced,onevsetO,8,0.249020536946
6,aloi_bic_unbalanced,onevsetO,5,0.253451191642
6,aloi_bic_unbalanced,onevsetO,4,0.236492282611
6,aloi_bic_unbalanced,onevsetO,10,0.232083447748
9,aloi_bic_unbalanced,ocsvmO,10,0.555393076357
9,aloi_bic_unbalanced,ocsvmO,7,0.433416931462
9,aloi_bic_unbalanced,ocsvmO,2,0.570283882016
9,aloi_bic_unbalanced,ocsvmO,1,0.449069186623
9,aloi_bic_unbalanced,ocsvmO,6,0.502586561152
9,aloi_bic_unbalanced,ocsvmO,4,0.527435334458
9,aloi_bic_unbalanced,ocsvmO,3,0.461605314378
9,aloi_bic_unbalanced,ocsvmO,9,0.487559452689
9,aloi_bic_unbalanced,ocsvmO,8,0.400422458628
9,aloi_bic_unbalanced,ocsvmO,5,0.535684633879
9,aloi_bic_unbalanced,ssvmO,10,0.658734886795
9,aloi_bic_unbalanced,ssvmO,7,0.541659987582
9,aloi_bic_unbalanced,ssvmO,2,0.664215878691
9,aloi_bic_unbalanced,ssvmO,1,0.643499289928
9,aloi_bic_unbalanced,ssvmO,6,0.606107100314
9,aloi_bic_unbalanced,ssvmO,4,0.579828714346
9,aloi_bic_unbalanced,ssvmO,3,0.676032013151
9,aloi_bic_unbalanced,ssvmO,9,0.584944877996
9,aloi_bic_unbalanced,ssvmO,8,0.453386299759
9,aloi_bic_unbalanced,ssvmO,5,0.521291284893
9,aloi_bic_unbalanced,svddO,10,0.0997420567134
9,aloi_bic_unbalanced,svddO,7,0.0998210633947
9,aloi_bic_unbalanced,svddO,2,0.0998210633947
9,aloi_bic_unbalanced,svddO,1,0.0997816072343
9,aloi_bic_unbalanced,svddO,6,0.0997420567134
9,aloi_bic_unbalanced,svddO,4,0.0998210633947
9,aloi_bic_unbalanced,svddO,3,0.0997816072343
9,aloi_bic_unbalanced,svddO,9,0.0998210633947
9,aloi_bic_unbalanced,svddO,8,0.0997816072343
9,aloi_bic_unbalanced,svddO,5,0.0997816072343
9,aloi_bic_unbalanced,svmO,10,0.597660487852
9,aloi_bic_unbalanced,svmO,7,0.509460356625
9,aloi_bic_unbalanced,svmO,2,0.586497753788
9,aloi_bic_unbalanced,svmO,1,0.563177289588
9,aloi_bic_unbalanced,svmO,6,0.5422743097
9,aloi_bic_unbalanced,svmO,3,0.574651541948
9,aloi_bic_unbalanced,svmO,4,0.522088866951
9,aloi_bic_unbalanced,svmO,9,0.54163455373
9,aloi_bic_unbalanced,svmO,8,0.505012030869
9,aloi_bic_unbalanced,svmO,5,0.464980838249
9,aloi_bic_unbalanced,svmdbcO,10,0.592355687034
9,aloi_bic_unbalanced,svmdbcO,7,0.526507173633
9,aloi_bic_unbalanced,svmdbcO,2,0.544225927016
9,aloi_bic_unbalanced,svmdbcO,1,0.440815771116
9,aloi_bic_unbalanced,svmdbcO,6,0.54749697847
9,aloi_bic_unbalanced,svmdbcO,4,0.331266084606
9,aloi_bic_unbalanced,svmdbcO,3,0.455158394925
9,aloi_bic_unbalanced,svmdbcO,9,0.522552375848
9,aloi_bic_unbalanced,svmdbcO,8,0.500458750289
9,aloi_bic_unbalanced,svmdbcO,5,0.398601614087
9,aloi_bic_unbalanced,pisvmO,10,0.61856856999
9,aloi_bic_unbalanced,pisvmO,7,0.252320200027
9,aloi_bic_unbalanced,pisvmO,2,0.439173394644
9,aloi_bic_unbalanced,pisvmO,1,0.343332881186
9,aloi_bic_unbalanced,pisvmO,6,0.22736077784
9,aloi_bic_unbalanced,pisvmO,4,0.518582053361
9,aloi_bic_unbalanced,pisvmO,3,0.586622068019
9,aloi_bic_unbalanced,pisvmO,9,0.669308156771
9,aloi_bic_unbalanced,pisvmO,8,0.31264359695
9,aloi_bic_unbalanced,pisvmO,5,0.273806613396
9,aloi_bic_unbalanced,onevsetO,10,0.188785277185
9,aloi_bic_unbalanced,onevsetO,7,0.181830916703
9,aloi_bic_unbalanced,onevsetO,2,0.00944087070865
9,aloi_bic_unbalanced,onevsetO,1,0.185456342686
9,aloi_bic_unbalanced,onevsetO,6,0.193847698533
9,aloi_bic_unbalanced,onevsetO,4,0.00840398288938
9,aloi_bic_unbalanced,onevsetO,3,0.204969127103
9,aloi_bic_unbalanced,onevsetO,9,0.192299983993
9,aloi_bic_unbalanced,onevsetO,8,0.0663844161365
9,aloi_bic_unbalanced,onevsetO,5,0.0156122422797
12,aloi_bic_unbalanced,ocsvmO,8,0.378263094385
12,aloi_bic_unbalanced,ocsvmO,6,0.451872808834
12,aloi_bic_unbalanced,ocsvmO,1,0.486175546196
12,aloi_bic_unbalanced,ocsvmO,9,0.465943134649
12,aloi_bic_unbalanced,ocsvmO,7,0.495731601771
12,aloi_bic_unbalanced,ocsvmO,2,0.591947543657
12,aloi_bic_unbalanced,ocsvmO,4,0.515401058924
12,aloi_bic_unbalanced,ocsvmO,5,0.38660303353
12,aloi_bic_unbalanced,ocsvmO,3,0.491603471941
12,aloi_bic_unbalanced,ocsvmO,10,0.527180875
12,aloi_bic_unbalanced,ssvmO,8,0.523176658021
12,aloi_bic_unbalanced,ssvmO,6,0.557013577122
12,aloi_bic_unbalanced,ssvmO,1,0.446136439289
12,aloi_bic_unbalanced,ssvmO,9,0.570991363571
12,aloi_bic_unbalanced,ssvmO,7,0.63768474972
12,aloi_bic_unbalanced,ssvmO,2,0.669892598178
12,aloi_bic_unbalanced,ssvmO,4,0.64255686416
12,aloi_bic_unbalanced,ssvmO,5,0.610780071775
12,aloi_bic_unbalanced,ssvmO,3,0.597564674689
12,aloi_bic_unbalanced,ssvmO,10,0.705901275985
12,aloi_bic_unbalanced,svddO,8,0.0767392294954
12,aloi_bic_unbalanced,svddO,6,0.0767087698908
12,aloi_bic_unbalanced,svddO,9,0.0766782373128
12,aloi_bic_unbalanced,svddO,1,0.0767999308286
12,aloi_bic_unbalanced,svddO,7,0.0767392294954
12,aloi_bic_unbalanced,svddO,2,0.0766782373128
12,aloi_bic_unbalanced,svddO,4,0.0766782373128
12,aloi_bic_unbalanced,svddO,5,0.076769616388
12,aloi_bic_unbalanced,svddO,3,0.076769616388
12,aloi_bic_unbalanced,svddO,10,0.0766169521852
12,aloi_bic_unbalanced,svmO,8,0.409954654773
12,aloi_bic_unbalanced,svmO,6,0.519107365651
12,aloi_bic_unbalanced,svmO,9,0.587984481613
12,aloi_bic_unbalanced,svmO,1,0.447386656466
12,aloi_bic_unbalanced,svmO,7,0.58008773727
12,aloi_bic_unbalanced,svmO,2,0.569724956788
12,aloi_bic_unbalanced,svmO,4,0.619543030535
12,aloi_bic_unbalanced,svmO,5,0.553172629429
12,aloi_bic_unbalanced,svmO,3,0.562754895923
12,aloi_bic_unbalanced,svmO,10,0.621419403951
12,aloi_bic_unbalanced,svmdbcO,8,0.395326058387
12,aloi_bic_unbalanced,svmdbcO,6,0.482860212909
12,aloi_bic_unbalanced,svmdbcO,9,0.612606667631
12,aloi_bic_unbalanced,svmdbcO,1,0.47613190183
12,aloi_bic_unbalanced,svmdbcO,7,0.612885416966
12,aloi_bic_unbalanced,svmdbcO,2,0.630847036271
12,aloi_bic_unbalanced,svmdbcO,4,0.635790510491
12,aloi_bic_unbalanced,svmdbcO,5,0.667499751158
12,aloi_bic_unbalanced,svmdbcO,3,0.562892505459
12,aloi_bic_unbalanced,svmdbcO,10,0.679543551138
12,aloi_bic_unbalanced,pisvmO,8,0.600410693227
12,aloi_bic_unbalanced,pisvmO,6,0.393949477044
12,aloi_bic_unbalanced,pisvmO,9,0.649759768624
12,aloi_bic_unbalanced,pisvmO,1,0.350443936224
12,aloi_bic_unbalanced,pisvmO,7,0.300676055771
12,aloi_bic_unbalanced,pisvmO,2,0.709983021723
12,aloi_bic_unbalanced,pisvmO,4,0.513084100733
12,aloi_bic_unbalanced,pisvmO,5,0.634165776292
12,aloi_bic_unbalanced,pisvmO,3,0.635242085072
12,aloi_bic_unbalanced,pisvmO,10,0.613325579102
12,aloi_bic_unbalanced,onevsetO,8,0.14739995269
12,aloi_bic_unbalanced,onevsetO,6,0.149611362663
12,aloi_bic_unbalanced,onevsetO,1,0.143892622063
12,aloi_bic_unbalanced,onevsetO,9,0.157916392645
12,aloi_bic_unbalanced,onevsetO,7,0.0440036089145
12,aloi_bic_unbalanced,onevsetO,2,0.016197730198
12,aloi_bic_unbalanced,onevsetO,4,0.156142794203
12,aloi_bic_unbalanced,onevsetO,5,0.139268304778
12,aloi_bic_unbalanced,onevsetO,3,0.187283426408
12,aloi_bic_unbalanced,onevsetO,10,0.0117219262767
3,auslan_unbalanced,ocsvmO,1,0.814803289254
3,auslan_unbalanced,ocsvmO,2,0.359552030966
3,auslan_unbalanced,ocsvmO,3,0.29985371483
3,auslan_unbalanced,ocsvmO,4,0.554196708723
3,auslan_unbalanced,ocsvmO,5,0.449681450018
3,auslan_unbalanced,ocsvmO,6,0.468116785257
3,auslan_unbalanced,ocsvmO,7,0.656192946081
3,auslan_unbalanced,ocsvmO,8,0.530301123215
3,auslan_unbalanced,ocsvmO,9,0.293908702614
3,auslan_unbalanced,ocsvmO,10,0.449941254365
3,auslan_unbalanced,ssvmO,1,0.891250530995
3,auslan_unbalanced,ssvmO,2,0.613614732737
3,auslan_unbalanced,ssvmO,3,0.740445305833
3,auslan_unbalanced,ssvmO,4,0.5626353585
3,auslan_unbalanced,ssvmO,5,0.52468042159
3,auslan_unbalanced,ssvmO,6,0.716927041025
3,auslan_unbalanced,ssvmO,7,0.773001148827
3,auslan_unbalanced,ssvmO,8,0.623209572358
3,auslan_unbalanced,ssvmO,9,0.737224539727
3,auslan_unbalanced,ssvmO,10,0.692627964265
3,auslan_unbalanced,svddO,1,0.249958338541
3,auslan_unbalanced,svddO,2,0.24709114415
3,auslan_unbalanced,svddO,3,0.259498021256
3,auslan_unbalanced,svddO,4,0.247272831525
3,auslan_unbalanced,svddO,5,0.24716170054
3,auslan_unbalanced,svddO,6,0.247278382582
3,auslan_unbalanced,svddO,7,0.249958338541
3,auslan_unbalanced,svddO,8,0.2487013582
3,auslan_unbalanced,svddO,9,0.247148711986
3,auslan_unbalanced,svddO,10,0.248678087986
3,auslan_unbalanced,svmO,1,0.587517128278
3,auslan_unbalanced,svmO,2,0.397067317973
3,auslan_unbalanced,svmO,3,0.705758051337
3,auslan_unbalanced,svmO,4,0.563681962879
3,auslan_unbalanced,svmO,5,0.409552677443
3,auslan_unbalanced,svmO,6,0.535379168224
3,auslan_unbalanced,svmO,7,0.840238259478
3,auslan_unbalanced,svmO,8,0.449289037128
3,auslan_unbalanced,svmO,9,0.543860474314
3,auslan_unbalanced,svmO,10,0.561892636409
3,auslan_unbalanced,svmdbcO,1,0.579324532071
3,auslan_unbalanced,svmdbcO,2,0.54739670433
3,auslan_unbalanced,svmdbcO,3,0.371109058422
3,auslan_unbalanced,svmdbcO,4,0.639278590576
3,auslan_unbalanced,svmdbcO,5,0.545935622155
3,auslan_unbalanced,svmdbcO,6,0.576840808519
3,auslan_unbalanced,svmdbcO,7,0.838483380154
3,auslan_unbalanced,svmdbcO,8,0.55757752704
3,auslan_unbalanced,svmdbcO,9,0.547760254174
3,auslan_unbalanced,svmdbcO,10,0.703637640709
3,auslan_unbalanced,pisvmO,1,0.378551038392
3,auslan_unbalanced,pisvmO,2,0.662278602316
3,auslan_unbalanced,pisvmO,3,0.465067370703
3,auslan_unbalanced,pisvmO,4,0.598979520394
3,auslan_unbalanced,pisvmO,5,0.647861961301
3,auslan_unbalanced,pisvmO,6,0.619984288358
3,auslan_unbalanced,pisvmO,7,0.812051201101
3,auslan_unbalanced,pisvmO,8,0.498613631088
3,auslan_unbalanced,pisvmO,9,0.609820699632
3,auslan_unbalanced,pisvmO,10,0.721796973351
3,auslan_unbalanced,onevsetO,1,0.214726162322
3,auslan_unbalanced,onevsetO,2,0.263557046845
3,auslan_unbalanced,onevsetO,3,0.35812137187
3,auslan_unbalanced,onevsetO,4,0.189866877976
3,auslan_unbalanced,onevsetO,5,0.346281745409
3,auslan_unbalanced,onevsetO,6,0.368900503851
3,auslan_unbalanced,onevsetO,7,0.325330446378
3,auslan_unbalanced,onevsetO,8,0.364621502059
3,auslan_unbalanced,onevsetO,9,0.373501858382
3,auslan_unbalanced,onevsetO,10,0.349831716462
6,auslan_unbalanced,ocsvmO,1,0.531102466312
6,auslan_unbalanced,ocsvmO,2,0.400142142531
6,auslan_unbalanced,ocsvmO,3,0.302680126541
6,auslan_unbalanced,ocsvmO,4,0.559332584552
6,auslan_unbalanced,ocsvmO,5,0.44318412989
6,auslan_unbalanced,ocsvmO,6,0.403290964835
6,auslan_unbalanced,ocsvmO,7,0.363631599344
6,auslan_unbalanced,ocsvmO,8,0.191122704505
6,auslan_unbalanced,ocsvmO,9,0.433834327696
6,auslan_unbalanced,ocsvmO,10,0.46964491807
6,auslan_unbalanced,ssvmO,1,0.657381267658
6,auslan_unbalanced,ssvmO,2,0.685869607655
6,auslan_unbalanced,ssvmO,3,0.705192499849
6,auslan_unbalanced,ssvmO,4,0.73555944594
6,auslan_unbalanced,ssvmO,5,0.69164151146
6,auslan_unbalanced,ssvmO,6,0.599280400974
6,auslan_unbalanced,ssvmO,7,0.719956843438
6,auslan_unbalanced,ssvmO,8,0.725229557541
6,auslan_unbalanced,ssvmO,9,0.620129198933
6,auslan_unbalanced,ssvmO,10,0.693845629381
6,auslan_unbalanced,svddO,1,0.141275532155
6,auslan_unbalanced,svddO,2,0.140346043296
6,auslan_unbalanced,svddO,3,0.142006460343
6,auslan_unbalanced,svddO,4,0.142077229554
6,auslan_unbalanced,svddO,5,0.141259697131
6,auslan_unbalanced,svddO,6,0.139608969491
6,auslan_unbalanced,svddO,7,0.139524078262
6,auslan_unbalanced,svddO,8,0.139382837399
6,auslan_unbalanced,svddO,9,0.140364641749
6,auslan_unbalanced,svddO,10,0.141227905584
6,auslan_unbalanced,svmO,1,0.55980931785
6,auslan_unbalanced,svmO,2,0.584433120485
6,auslan_unbalanced,svmO,3,0.637196754438
6,auslan_unbalanced,svmO,4,0.638579245113
6,auslan_unbalanced,svmO,5,0.637908127137
6,auslan_unbalanced,svmO,6,0.543617693256
6,auslan_unbalanced,svmO,7,0.727459640876
6,auslan_unbalanced,svmO,8,0.797456948857
6,auslan_unbalanced,svmO,9,0.616825818716
6,auslan_unbalanced,svmO,10,0.670476250691
6,auslan_unbalanced,svmdbcO,1,0.687131107715
6,auslan_unbalanced,svmdbcO,2,0.632019822342
6,auslan_unbalanced,svmdbcO,3,0.553471066747
6,auslan_unbalanced,svmdbcO,4,0.645597913193
6,auslan_unbalanced,svmdbcO,5,0.663124350645
6,auslan_unbalanced,svmdbcO,6,0.500229888159
6,auslan_unbalanced,svmdbcO,7,0.538850676512
6,auslan_unbalanced,svmdbcO,8,0.440427949358
6,auslan_unbalanced,svmdbcO,9,0.651523104755
6,auslan_unbalanced,svmdbcO,10,0.686396788835
6,auslan_unbalanced,pisvmO,1,0.740732092684
6,auslan_unbalanced,pisvmO,2,0.651453220195
6,auslan_unbalanced,pisvmO,3,0.613995367118
6,auslan_unbalanced,pisvmO,4,0.703883232641
6,auslan_unbalanced,pisvmO,5,0.606879680231
6,auslan_unbalanced,pisvmO,6,0.596692531301
6,auslan_unbalanced,pisvmO,7,0.541841654002
6,auslan_unbalanced,pisvmO,8,0.594308501776
6,auslan_unbalanced,pisvmO,9,0.65666309946
6,auslan_unbalanced,pisvmO,10,0.706035354355
6,auslan_unbalanced,onevsetO,1,0.0110232416889
6,auslan_unbalanced,onevsetO,2,0.236553771093
6,auslan_unbalanced,onevsetO,3,0.00758582062219
6,auslan_unbalanced,onevsetO,4,0.00451057657025
6,auslan_unbalanced,onevsetO,5,0.185244407917
6,auslan_unbalanced,onevsetO,6,0.229451319495
6,auslan_unbalanced,onevsetO,7,0.091938861625
6,auslan_unbalanced,onevsetO,8,0.28181406893
6,auslan_unbalanced,onevsetO,9,0.215599514679
6,auslan_unbalanced,onevsetO,10,0.174610625148
9,auslan_unbalanced,ocsvmO,1,0.318419456811
9,auslan_unbalanced,ocsvmO,2,0.475616086861
9,auslan_unbalanced,ocsvmO,3,0.380068485621
9,auslan_unbalanced,ocsvmO,4,0.487789372364
9,auslan_unbalanced,ocsvmO,5,0.449440421715
9,auslan_unbalanced,ocsvmO,6,0.530503294124
9,auslan_unbalanced,ocsvmO,7,0.339160226112
9,auslan_unbalanced,ocsvmO,8,0.519727656818
9,auslan_unbalanced,ocsvmO,9,0.404538638686
9,auslan_unbalanced,ocsvmO,10,0.619980950032
9,auslan_unbalanced,ssvmO,1,0.770917736567
9,auslan_unbalanced,ssvmO,2,0.757616124047
9,auslan_unbalanced,ssvmO,3,0.759590171865
9,auslan_unbalanced,ssvmO,4,0.771093834409
9,auslan_unbalanced,ssvmO,5,0.674106217291
9,auslan_unbalanced,ssvmO,6,0.648042296221
9,auslan_unbalanced,ssvmO,7,0.639931046078
9,auslan_unbalanced,ssvmO,8,0.824026311176
9,auslan_unbalanced,ssvmO,9,0.844996389535
9,auslan_unbalanced,ssvmO,10,0.717642633221
9,auslan_unbalanced,svddO,1,0.0956823027719
9,auslan_unbalanced,svddO,2,0.0987821983729
9,auslan_unbalanced,svddO,3,0.0970271434726
9,auslan_unbalanced,svddO,4,0.0976247648926
9,auslan_unbalanced,svddO,5,0.0983059993729
9,auslan_unbalanced,svddO,6,0.0994253766113
9,auslan_unbalanced,svddO,7,0.0970632876981
9,auslan_unbalanced,svddO,8,0.0984000232724
9,auslan_unbalanced,svddO,9,0.097088008693
9,auslan_unbalanced,svddO,10,0.0993923206286
9,auslan_unbalanced,svmO,1,0.804094694648
9,auslan_unbalanced,svmO,2,0.714519588772
9,auslan_unbalanced,svmO,3,0.752166237736
9,auslan_unbalanced,svmO,4,0.716336309788
9,auslan_unbalanced,svmO,5,0.645311006687
9,auslan_unbalanced,svmO,6,0.648175456359
9,auslan_unbalanced,svmO,7,0.666056735602
9,auslan_unbalanced,svmO,8,0.711978873653
9,auslan_unbalanced,svmO,9,0.814777996853
9,auslan_unbalanced,svmO,10,0.775556213107
9,auslan_unbalanced,svmdbcO,1,0.323545349463
9,auslan_unbalanced,svmdbcO,2,0.732944885869
9,auslan_unbalanced,svmdbcO,3,0.482614340045
9,auslan_unbalanced,svmdbcO,4,0.592556920835
9,auslan_unbalanced,svmdbcO,5,0.609422845163
9,auslan_unbalanced,svmdbcO,6,0.693695164722
9,auslan_unbalanced,svmdbcO,7,0.559043876676
9,auslan_unbalanced,svmdbcO,8,0.595237122759
9,auslan_unbalanced,svmdbcO,9,0.498331102018
9,auslan_unbalanced,svmdbcO,10,0.795958248918
9,auslan_unbalanced,pisvmO,1,0.579848902037
9,auslan_unbalanced,pisvmO,2,0.762365107923
9,auslan_unbalanced,pisvmO,3,0.660727839132
9,auslan_unbalanced,pisvmO,4,0.583498698735
9,auslan_unbalanced,pisvmO,5,0.720452999224
9,auslan_unbalanced,pisvmO,6,0.314046091137
9,auslan_unbalanced,pisvmO,7,0.647159536799
9,auslan_unbalanced,pisvmO,8,0.702469700726
9,auslan_unbalanced,pisvmO,9,0.606366785415
9,auslan_unbalanced,pisvmO,10,0.421637412976
9,auslan_unbalanced,onevsetO,1,0.262272930024
9,auslan_unbalanced,onevsetO,2,0.0110304494848
9,auslan_unbalanced,onevsetO,3,0.241732751516
9,auslan_unbalanced,onevsetO,4,0.0378044340606
9,auslan_unbalanced,onevsetO,5,0.189751487731
9,auslan_unbalanced,onevsetO,6,0.223719024876
9,auslan_unbalanced,onevsetO,7,0.223812578462
9,auslan_unbalanced,onevsetO,8,0.167551493315
9,auslan_unbalanced,onevsetO,9,0.089308706668
9,auslan_unbalanced,onevsetO,10,0.0988022616886
12,auslan_unbalanced,ocsvmO,1,0.448866375969
12,auslan_unbalanced,ocsvmO,2,0.377061211869
12,auslan_unbalanced,ocsvmO,3,0.572683074596
12,auslan_unbalanced,ocsvmO,4,0.37149652613
12,auslan_unbalanced,ocsvmO,5,0.514522307949
12,auslan_unbalanced,ocsvmO,6,0.387187819889
12,auslan_unbalanced,ocsvmO,7,0.465488878623
12,auslan_unbalanced,ocsvmO,8,0.341265374337
12,auslan_unbalanced,ocsvmO,9,0.448847463915
12,auslan_unbalanced,ocsvmO,10,0.353943539632
12,auslan_unbalanced,ssvmO,1,0.7790566231
12,auslan_unbalanced,ssvmO,2,0.664316316979
12,auslan_unbalanced,ssvmO,3,0.741819291965
12,auslan_unbalanced,ssvmO,4,0.620483657419
12,auslan_unbalanced,ssvmO,5,0.7305438058
12,auslan_unbalanced,ssvmO,6,0.800551187972
12,auslan_unbalanced,ssvmO,7,0.666629135651
12,auslan_unbalanced,ssvmO,8,0.68989266639
12,auslan_unbalanced,ssvmO,9,0.668557922216
12,auslan_unbalanced,ssvmO,10,0.717139469922
12,auslan_unbalanced,svddO,1,0.0742752684322
12,auslan_unbalanced,svddO,2,0.0736753473266
12,auslan_unbalanced,svddO,3,0.0749606215955
12,auslan_unbalanced,svddO,4,0.0746300338054
12,auslan_unbalanced,svddO,5,0.0745385391366
12,auslan_unbalanced,svddO,6,0.0736814952044
12,auslan_unbalanced,svddO,7,0.0742010453546
12,auslan_unbalanced,svddO,8,0.0737031026276
12,auslan_unbalanced,svddO,9,0.0756218246922
12,auslan_unbalanced,svddO,10,0.0742029211415
12,auslan_unbalanced,svmO,1,0.821602296871
12,auslan_unbalanced,svmO,2,0.684937984183
12,auslan_unbalanced,svmO,3,0.802808688476
12,auslan_unbalanced,svmO,4,0.653171224488
12,auslan_unbalanced,svmO,5,0.690969758858
12,auslan_unbalanced,svmO,6,0.795229826862
12,auslan_unbalanced,svmO,7,0.740570596319
12,auslan_unbalanced,svmO,8,0.696169943072
12,auslan_unbalanced,svmO,9,0.654709297538
12,auslan_unbalanced,svmO,10,0.77387727238
12,auslan_unbalanced,svmdbcO,1,0.561021449791
12,auslan_unbalanced,svmdbcO,2,0.442705146875
12,auslan_unbalanced,svmdbcO,3,0.704217565092
12,auslan_unbalanced,svmdbcO,4,0.598997264895
12,auslan_unbalanced,svmdbcO,5,0.565320485769
12,auslan_unbalanced,svmdbcO,6,0.535487197954
12,auslan_unbalanced,svmdbcO,7,0.572196210027
12,auslan_unbalanced,svmdbcO,8,0.488910949758
12,auslan_unbalanced,svmdbcO,9,0.611995037923
12,auslan_unbalanced,svmdbcO,10,0.491078754498
12,auslan_unbalanced,pisvmO,1,0.625447188543
12,auslan_unbalanced,pisvmO,2,0.587995501532
12,auslan_unbalanced,pisvmO,3,0.757077216501
12,auslan_unbalanced,pisvmO,4,0.638508711064
12,auslan_unbalanced,pisvmO,5,0.711134503377
12,auslan_unbalanced,pisvmO,6,0.610207599255
12,auslan_unbalanced,pisvmO,7,0.65507176947
12,auslan_unbalanced,pisvmO,8,0.601695413242
12,auslan_unbalanced,pisvmO,9,0.683128492979
12,auslan_unbalanced,pisvmO,10,0.645500112211
12,auslan_unbalanced,onevsetO,1,0.155253169338
12,auslan_unbalanced,onevsetO,2,0.0686399139329
12,auslan_unbalanced,onevsetO,3,0.0595162128197
12,auslan_unbalanced,onevsetO,4,0.0952124971444
12,auslan_unbalanced,onevsetO,5,0.20111388019
12,auslan_unbalanced,onevsetO,6,0.168585475424
12,auslan_unbalanced,onevsetO,7,0.0577570599817
12,auslan_unbalanced,onevsetO,8,0.195199390117
12,auslan_unbalanced,onevsetO,9,0.103827714411
12,auslan_unbalanced,onevsetO,10,0.170249441894
3,caltech256_bow_dense_hard_average_1000_unbalanced,ocsvmO,4,0.268126608105
3,caltech256_bow_dense_hard_average_1000_unbalanced,ocsvmO,7,0.29167456444
3,caltech256_bow_dense_hard_average_1000_unbalanced,ocsvmO,9,0.249815305054
3,caltech256_bow_dense_hard_average_1000_unbalanced,ocsvmO,1,0.265108283401
3,caltech256_bow_dense_hard_average_1000_unbalanced,ocsvmO,2,0.250776569422
3,caltech256_bow_dense_hard_average_1000_unbalanced,ocsvmO,3,0.304705181243
3,caltech256_bow_dense_hard_average_1000_unbalanced,ocsvmO,10,0.318674167534
3,caltech256_bow_dense_hard_average_1000_unbalanced,ocsvmO,6,0.285400805443
3,caltech256_bow_dense_hard_average_1000_unbalanced,ocsvmO,5,0.275331796976
3,caltech256_bow_dense_hard_average_1000_unbalanced,ocsvmO,8,0.2900647615
3,caltech256_bow_dense_hard_average_1000_unbalanced,ssvmO,4,0.336757085043
3,caltech256_bow_dense_hard_average_1000_unbalanced,ssvmO,9,0.249807603509
3,caltech256_bow_dense_hard_average_1000_unbalanced,ssvmO,7,0.282965104976
3,caltech256_bow_dense_hard_average_1000_unbalanced,ssvmO,1,0.257545796838
3,caltech256_bow_dense_hard_average_1000_unbalanced,ssvmO,6,0.254036033298
3,caltech256_bow_dense_hard_average_1000_unbalanced,ssvmO,2,0.269865401325
3,caltech256_bow_dense_hard_average_1000_unbalanced,ssvmO,5,0.261140321438
3,caltech256_bow_dense_hard_average_1000_unbalanced,ssvmO,3,0.324930916876
3,caltech256_bow_dense_hard_average_1000_unbalanced,ssvmO,10,0.248546602488
3,caltech256_bow_dense_hard_average_1000_unbalanced,ssvmO,8,0.346797729461
3,caltech256_bow_dense_hard_average_1000_unbalanced,svddO,4,0.236301481893
3,caltech256_bow_dense_hard_average_1000_unbalanced,svddO,7,0.249219064114
3,caltech256_bow_dense_hard_average_1000_unbalanced,svddO,9,0.249815305054
3,caltech256_bow_dense_hard_average_1000_unbalanced,svddO,1,0.249497883385
3,caltech256_bow_dense_hard_average_1000_unbalanced,svddO,2,0.247238822315
3,caltech256_bow_dense_hard_average_1000_unbalanced,svddO,3,0.268913436356
3,caltech256_bow_dense_hard_average_1000_unbalanced,svddO,10,0.233085739107
3,caltech256_bow_dense_hard_average_1000_unbalanced,svddO,6,0.249193648431
3,caltech256_bow_dense_hard_average_1000_unbalanced,svddO,5,0.249185768789
3,caltech256_bow_dense_hard_average_1000_unbalanced,svddO,8,0.225001644759
3,caltech256_bow_dense_hard_average_1000_unbalanced,svmO,4,0.338630591912
3,caltech256_bow_dense_hard_average_1000_unbalanced,svmO,7,0.00141425321281
3,caltech256_bow_dense_hard_average_1000_unbalanced,svmO,1,0.001506487118
3,caltech256_bow_dense_hard_average_1000_unbalanced,svmO,9,0.249807603509
3,caltech256_bow_dense_hard_average_1000_unbalanced,svmO,8,0.373643337318
3,caltech256_bow_dense_hard_average_1000_unbalanced,svmO,3,0.336856246355
3,caltech256_bow_dense_hard_average_1000_unbalanced,svmO,2,0.00188062646442
3,caltech256_bow_dense_hard_average_1000_unbalanced,svmO,5,0.00175611559554
3,caltech256_bow_dense_hard_average_1000_unbalanced,svmO,10,0.39394263107
3,caltech256_bow_dense_hard_average_1000_unbalanced,svmO,6,0.249193648431
3,caltech256_bow_dense_hard_average_1000_unbalanced,svmdbcO,4,0.331882851699
3,caltech256_bow_dense_hard_average_1000_unbalanced,svmdbcO,7,0.309990746725
3,caltech256_bow_dense_hard_average_1000_unbalanced,svmdbcO,9,0.249807603509
3,caltech256_bow_dense_hard_average_1000_unbalanced,svmdbcO,1,0.314665785739
3,caltech256_bow_dense_hard_average_1000_unbalanced,svmdbcO,8,0.341460226673
3,caltech256_bow_dense_hard_average_1000_unbalanced,svmdbcO,2,0.288576737871
3,caltech256_bow_dense_hard_average_1000_unbalanced,svmdbcO,3,0.340322972264
3,caltech256_bow_dense_hard_average_1000_unbalanced,svmdbcO,10,0.377828859089
3,caltech256_bow_dense_hard_average_1000_unbalanced,svmdbcO,6,0.283469290056
3,caltech256_bow_dense_hard_average_1000_unbalanced,svmdbcO,5,0.249185768789
3,caltech256_bow_dense_hard_average_1000_unbalanced,pisvmO,1,0.352340424991
3,caltech256_bow_dense_hard_average_1000_unbalanced,pisvmO,2,0.249021374425
3,caltech256_bow_dense_hard_average_1000_unbalanced,pisvmO,3,0.31286934179
3,caltech256_bow_dense_hard_average_1000_unbalanced,pisvmO,4,0.286587204366
3,caltech256_bow_dense_hard_average_1000_unbalanced,pisvmO,5,0.249185768789
3,caltech256_bow_dense_hard_average_1000_unbalanced,pisvmO,6,0.249123623391
3,caltech256_bow_dense_hard_average_1000_unbalanced,pisvmO,7,0.298754639025
3,caltech256_bow_dense_hard_average_1000_unbalanced,pisvmO,8,0.451579626439
3,caltech256_bow_dense_hard_average_1000_unbalanced,pisvmO,9,0.249815305054
3,caltech256_bow_dense_hard_average_1000_unbalanced,pisvmO,10,0.265582447487
3,caltech256_bow_dense_hard_average_1000_unbalanced,onevsetO,4,0.352346641835
3,caltech256_bow_dense_hard_average_1000_unbalanced,onevsetO,8,0.349970855249
3,caltech256_bow_dense_hard_average_1000_unbalanced,onevsetO,7,0.331054948852
3,caltech256_bow_dense_hard_average_1000_unbalanced,onevsetO,9,0.29201835782
3,caltech256_bow_dense_hard_average_1000_unbalanced,onevsetO,1,0.319610453948
3,caltech256_bow_dense_hard_average_1000_unbalanced,onevsetO,3,0.318020412939
3,caltech256_bow_dense_hard_average_1000_unbalanced,onevsetO,2,0.305537885378
3,caltech256_bow_dense_hard_average_1000_unbalanced,onevsetO,6,0.289457218915
3,caltech256_bow_dense_hard_average_1000_unbalanced,onevsetO,10,0.345717492822
3,caltech256_bow_dense_hard_average_1000_unbalanced,onevsetO,5,0.285136768408
6,caltech256_bow_dense_hard_average_1000_unbalanced,ocsvmO,8,0.169984043599
6,caltech256_bow_dense_hard_average_1000_unbalanced,ocsvmO,3,0.183477032598
6,caltech256_bow_dense_hard_average_1000_unbalanced,ocsvmO,10,0.179571199433
6,caltech256_bow_dense_hard_average_1000_unbalanced,ocsvmO,5,0.155076136381
6,caltech256_bow_dense_hard_average_1000_unbalanced,ocsvmO,9,0.166776655435
6,caltech256_bow_dense_hard_average_1000_unbalanced,ocsvmO,2,0.176857782156
6,caltech256_bow_dense_hard_average_1000_unbalanced,ocsvmO,1,0.173114356772
6,caltech256_bow_dense_hard_average_1000_unbalanced,ocsvmO,6,0.164271510978
6,caltech256_bow_dense_hard_average_1000_unbalanced,ocsvmO,4,0.164940354613
6,caltech256_bow_dense_hard_average_1000_unbalanced,ocsvmO,7,0.167099458013
6,caltech256_bow_dense_hard_average_1000_unbalanced,ssvmO,8,0.172610722219
6,caltech256_bow_dense_hard_average_1000_unbalanced,ssvmO,5,0.155019432335
6,caltech256_bow_dense_hard_average_1000_unbalanced,ssvmO,3,0.159627803265
6,caltech256_bow_dense_hard_average_1000_unbalanced,ssvmO,10,0.201903774902
6,caltech256_bow_dense_hard_average_1000_unbalanced,ssvmO,9,0.206073473447
6,caltech256_bow_dense_hard_average_1000_unbalanced,ssvmO,2,0.148682002048
6,caltech256_bow_dense_hard_average_1000_unbalanced,ssvmO,1,0.188397433587
6,caltech256_bow_dense_hard_average_1000_unbalanced,ssvmO,4,0.17075087358
6,caltech256_bow_dense_hard_average_1000_unbalanced,ssvmO,6,0.213619269452
6,caltech256_bow_dense_hard_average_1000_unbalanced,ssvmO,7,0.174790247971
6,caltech256_bow_dense_hard_average_1000_unbalanced,svddO,8,0.141981431342
6,caltech256_bow_dense_hard_average_1000_unbalanced,svddO,10,0.148013714739
6,caltech256_bow_dense_hard_average_1000_unbalanced,svddO,5,0.154247661999
6,caltech256_bow_dense_hard_average_1000_unbalanced,svddO,3,0.142058559784
6,caltech256_bow_dense_hard_average_1000_unbalanced,svddO,2,0.145303117332
6,caltech256_bow_dense_hard_average_1000_unbalanced,svddO,9,0.142063145123
6,caltech256_bow_dense_hard_average_1000_unbalanced,svddO,6,0.141894765113
6,caltech256_bow_dense_hard_average_1000_unbalanced,svddO,1,0.141683713611
6,caltech256_bow_dense_hard_average_1000_unbalanced,svddO,4,0.142049536184
6,caltech256_bow_dense_hard_average_1000_unbalanced,svddO,7,0.141715867324
6,caltech256_bow_dense_hard_average_1000_unbalanced,svmO,8,0.200873735747
6,caltech256_bow_dense_hard_average_1000_unbalanced,svmO,3,0.142058559784
6,caltech256_bow_dense_hard_average_1000_unbalanced,svmO,10,0.196303418209
6,caltech256_bow_dense_hard_average_1000_unbalanced,svmO,5,0.155019432335
6,caltech256_bow_dense_hard_average_1000_unbalanced,svmO,9,0.202865756506
6,caltech256_bow_dense_hard_average_1000_unbalanced,svmO,2,0.192556727301
6,caltech256_bow_dense_hard_average_1000_unbalanced,svmO,4,0.169489683326
6,caltech256_bow_dense_hard_average_1000_unbalanced,svmO,6,0.224596954505
6,caltech256_bow_dense_hard_average_1000_unbalanced,svmO,7,0.157796513257
6,caltech256_bow_dense_hard_average_1000_unbalanced,svmO,1,0.185213952711
6,caltech256_bow_dense_hard_average_1000_unbalanced,svmdbcO,8,0.191365287515
6,caltech256_bow_dense_hard_average_1000_unbalanced,svmdbcO,3,0.184455208545
6,caltech256_bow_dense_hard_average_1000_unbalanced,svmdbcO,10,0.270669648274
6,caltech256_bow_dense_hard_average_1000_unbalanced,svmdbcO,5,0.141704204204
6,caltech256_bow_dense_hard_average_1000_unbalanced,svmdbcO,9,0.214811949926
6,caltech256_bow_dense_hard_average_1000_unbalanced,svmdbcO,2,0.192556727301
6,caltech256_bow_dense_hard_average_1000_unbalanced,svmdbcO,1,0.170211265906
6,caltech256_bow_dense_hard_average_1000_unbalanced,svmdbcO,6,0.244404093398
6,caltech256_bow_dense_hard_average_1000_unbalanced,svmdbcO,7,0.175089865846
6,caltech256_bow_dense_hard_average_1000_unbalanced,svmdbcO,4,0.172925864844
6,caltech256_bow_dense_hard_average_1000_unbalanced,pisvmO,1,0.197954307111
6,caltech256_bow_dense_hard_average_1000_unbalanced,pisvmO,2,0.205705818818
6,caltech256_bow_dense_hard_average_1000_unbalanced,pisvmO,3,0.208096918027
6,caltech256_bow_dense_hard_average_1000_unbalanced,pisvmO,4,0.189603925552
6,caltech256_bow_dense_hard_average_1000_unbalanced,pisvmO,5,0.192862628376
6,caltech256_bow_dense_hard_average_1000_unbalanced,pisvmO,6,0.268458358008
6,caltech256_bow_dense_hard_average_1000_unbalanced,pisvmO,7,0.221545334255
6,caltech256_bow_dense_hard_average_1000_unbalanced,pisvmO,8,0.201867020391
6,caltech256_bow_dense_hard_average_1000_unbalanced,pisvmO,9,0.205076427987
6,caltech256_bow_dense_hard_average_1000_unbalanced,pisvmO,10,0.216798159616
6,caltech256_bow_dense_hard_average_1000_unbalanced,onevsetO,8,0.00993468235152
6,caltech256_bow_dense_hard_average_1000_unbalanced,onevsetO,10,0.214821269334
6,caltech256_bow_dense_hard_average_1000_unbalanced,onevsetO,5,0.200197910466
6,caltech256_bow_dense_hard_average_1000_unbalanced,onevsetO,3,0.211316262711
6,caltech256_bow_dense_hard_average_1000_unbalanced,onevsetO,9,0.216174756022
6,caltech256_bow_dense_hard_average_1000_unbalanced,onevsetO,2,0.0194334574748
6,caltech256_bow_dense_hard_average_1000_unbalanced,onevsetO,6,0.231012547408
6,caltech256_bow_dense_hard_average_1000_unbalanced,onevsetO,1,0.183897620756
6,caltech256_bow_dense_hard_average_1000_unbalanced,onevsetO,7,0.218262136193
6,caltech256_bow_dense_hard_average_1000_unbalanced,onevsetO,4,0.007859984445
9,caltech256_bow_dense_hard_average_1000_unbalanced,ocsvmO,3,0.115938297409
9,caltech256_bow_dense_hard_average_1000_unbalanced,ocsvmO,9,0.116793278692
9,caltech256_bow_dense_hard_average_1000_unbalanced,ocsvmO,6,0.132266659709
9,caltech256_bow_dense_hard_average_1000_unbalanced,ocsvmO,5,0.118740082581
9,caltech256_bow_dense_hard_average_1000_unbalanced,ocsvmO,2,0.121636527341
9,caltech256_bow_dense_hard_average_1000_unbalanced,ocsvmO,8,0.110653649074
9,caltech256_bow_dense_hard_average_1000_unbalanced,ocsvmO,10,0.131103156786
9,caltech256_bow_dense_hard_average_1000_unbalanced,ocsvmO,4,0.124345684506
9,caltech256_bow_dense_hard_average_1000_unbalanced,ocsvmO,7,0.130959821627
9,caltech256_bow_dense_hard_average_1000_unbalanced,ocsvmO,1,0.149040441664
9,caltech256_bow_dense_hard_average_1000_unbalanced,ssvmO,9,0.117367015337
9,caltech256_bow_dense_hard_average_1000_unbalanced,ssvmO,6,0.127434427311
9,caltech256_bow_dense_hard_average_1000_unbalanced,ssvmO,3,0.0988599193369
9,caltech256_bow_dense_hard_average_1000_unbalanced,ssvmO,10,0.13186527746
9,caltech256_bow_dense_hard_average_1000_unbalanced,ssvmO,2,0.10186150448
9,caltech256_bow_dense_hard_average_1000_unbalanced,ssvmO,8,0.156348274395
9,caltech256_bow_dense_hard_average_1000_unbalanced,ssvmO,5,0.124615808326
9,caltech256_bow_dense_hard_average_1000_unbalanced,ssvmO,4,0.120590958014
9,caltech256_bow_dense_hard_average_1000_unbalanced,ssvmO,7,0.108848745841
9,caltech256_bow_dense_hard_average_1000_unbalanced,ssvmO,1,0.166662212862
9,caltech256_bow_dense_hard_average_1000_unbalanced,svddO,6,0.0992944275455
9,caltech256_bow_dense_hard_average_1000_unbalanced,svddO,9,0.0992559103325
9,caltech256_bow_dense_hard_average_1000_unbalanced,svddO,3,0.0988599193369
9,caltech256_bow_dense_hard_average_1000_unbalanced,svddO,5,0.0987846780351
9,caltech256_bow_dense_hard_average_1000_unbalanced,svddO,2,0.0990817582279
9,caltech256_bow_dense_hard_average_1000_unbalanced,svddO,8,0.0991173874669
9,caltech256_bow_dense_hard_average_1000_unbalanced,svddO,10,0.0993168285804
9,caltech256_bow_dense_hard_average_1000_unbalanced,svddO,4,0.0989483020781
9,caltech256_bow_dense_hard_average_1000_unbalanced,svddO,7,0.0988992862807
9,caltech256_bow_dense_hard_average_1000_unbalanced,svddO,1,0.0986415214959
9,caltech256_bow_dense_hard_average_1000_unbalanced,svmO,9,0.110083801368
9,caltech256_bow_dense_hard_average_1000_unbalanced,svmO,6,0.128492778014
9,caltech256_bow_dense_hard_average_1000_unbalanced,svmO,3,0.0988599193369
9,caltech256_bow_dense_hard_average_1000_unbalanced,svmO,10,0.117410804395
9,caltech256_bow_dense_hard_average_1000_unbalanced,svmO,8,0.114190907147
9,caltech256_bow_dense_hard_average_1000_unbalanced,svmO,5,0.116913730432
9,caltech256_bow_dense_hard_average_1000_unbalanced,svmO,2,0.124188443606
9,caltech256_bow_dense_hard_average_1000_unbalanced,svmO,4,0.117352618683
9,caltech256_bow_dense_hard_average_1000_unbalanced,svmO,7,0.110820444687
9,caltech256_bow_dense_hard_average_1000_unbalanced,svmO,1,0.180054188066
9,caltech256_bow_dense_hard_average_1000_unbalanced,svmdbcO,3,0.112695146754
9,caltech256_bow_dense_hard_average_1000_unbalanced,svmdbcO,9,0.0992559103325
9,caltech256_bow_dense_hard_average_1000_unbalanced,svmdbcO,6,0.133584031146
9,caltech256_bow_dense_hard_average_1000_unbalanced,svmdbcO,5,0.129204211114
9,caltech256_bow_dense_hard_average_1000_unbalanced,svmdbcO,8,0.124537141952
9,caltech256_bow_dense_hard_average_1000_unbalanced,svmdbcO,2,0.120238218589
9,caltech256_bow_dense_hard_average_1000_unbalanced,svmdbcO,10,0.155307565163
9,caltech256_bow_dense_hard_average_1000_unbalanced,svmdbcO,4,0.143221849467
9,caltech256_bow_dense_hard_average_1000_unbalanced,svmdbcO,7,0.134669505332
9,caltech256_bow_dense_hard_average_1000_unbalanced,svmdbcO,1,0.146825405902
9,caltech256_bow_dense_hard_average_1000_unbalanced,pisvmO,1,0.237207951628
9,caltech256_bow_dense_hard_average_1000_unbalanced,pisvmO,2,0.156407113853
9,caltech256_bow_dense_hard_average_1000_unbalanced,pisvmO,3,0.162219604841
9,caltech256_bow_dense_hard_average_1000_unbalanced,pisvmO,4,0.191583426475
9,caltech256_bow_dense_hard_average_1000_unbalanced,pisvmO,5,0.190199131618
9,caltech256_bow_dense_hard_average_1000_unbalanced,pisvmO,6,0.191622991045
9,caltech256_bow_dense_hard_average_1000_unbalanced,pisvmO,7,0.16911154583
9,caltech256_bow_dense_hard_average_1000_unbalanced,pisvmO,8,0.142570280866
9,caltech256_bow_dense_hard_average_1000_unbalanced,pisvmO,9,0.0992559103325
9,caltech256_bow_dense_hard_average_1000_unbalanced,pisvmO,10,0.232204682372
9,caltech256_bow_dense_hard_average_1000_unbalanced,onevsetO,9,0.0138363944132
9,caltech256_bow_dense_hard_average_1000_unbalanced,onevsetO,6,0.0164205662259
9,caltech256_bow_dense_hard_average_1000_unbalanced,onevsetO,3,0.0202770871053
9,caltech256_bow_dense_hard_average_1000_unbalanced,onevsetO,2,0.0137745734026
9,caltech256_bow_dense_hard_average_1000_unbalanced,onevsetO,8,0.0183960788112
9,caltech256_bow_dense_hard_average_1000_unbalanced,onevsetO,5,0.0235557319525
9,caltech256_bow_dense_hard_average_1000_unbalanced,onevsetO,10,0.17294856182
9,caltech256_bow_dense_hard_average_1000_unbalanced,onevsetO,4,0.163021137489
9,caltech256_bow_dense_hard_average_1000_unbalanced,onevsetO,1,0.0547341257631
9,caltech256_bow_dense_hard_average_1000_unbalanced,onevsetO,7,0.175883683497
12,caltech256_bow_dense_hard_average_1000_unbalanced,ocsvmO,2,0.0747529718369
12,caltech256_bow_dense_hard_average_1000_unbalanced,ocsvmO,4,0.0921058132524
12,caltech256_bow_dense_hard_average_1000_unbalanced,ocsvmO,10,0.0900008070545
12,caltech256_bow_dense_hard_average_1000_unbalanced,ocsvmO,9,0.101950799903
12,caltech256_bow_dense_hard_average_1000_unbalanced,ocsvmO,5,0.103170502896
12,caltech256_bow_dense_hard_average_1000_unbalanced,ocsvmO,3,0.102547110835
12,caltech256_bow_dense_hard_average_1000_unbalanced,ocsvmO,7,0.0925221068902
12,caltech256_bow_dense_hard_average_1000_unbalanced,ocsvmO,6,0.123110440107
12,caltech256_bow_dense_hard_average_1000_unbalanced,ocsvmO,1,0.0958789880593
12,caltech256_bow_dense_hard_average_1000_unbalanced,ocsvmO,8,0.0959449410757
12,caltech256_bow_dense_hard_average_1000_unbalanced,ssvmO,2,0.0766148015208
12,caltech256_bow_dense_hard_average_1000_unbalanced,ssvmO,4,0.107711657389
12,caltech256_bow_dense_hard_average_1000_unbalanced,ssvmO,7,0.094254458305
12,caltech256_bow_dense_hard_average_1000_unbalanced,ssvmO,3,0.0908115955837
12,caltech256_bow_dense_hard_average_1000_unbalanced,ssvmO,10,0.0833019902159
12,caltech256_bow_dense_hard_average_1000_unbalanced,ssvmO,9,0.123593980645
12,caltech256_bow_dense_hard_average_1000_unbalanced,ssvmO,5,0.0942440930225
12,caltech256_bow_dense_hard_average_1000_unbalanced,ssvmO,1,0.103451562419
12,caltech256_bow_dense_hard_average_1000_unbalanced,ssvmO,6,0.189998510169
12,caltech256_bow_dense_hard_average_1000_unbalanced,ssvmO,8,0.114379856779
12,caltech256_bow_dense_hard_average_1000_unbalanced,svddO,2,0.0766148015208
12,caltech256_bow_dense_hard_average_1000_unbalanced,svddO,4,0.0763310821423
12,caltech256_bow_dense_hard_average_1000_unbalanced,svddO,7,0.0763064154557
12,caltech256_bow_dense_hard_average_1000_unbalanced,svddO,10,0.076206892366
12,caltech256_bow_dense_hard_average_1000_unbalanced,svddO,3,0.0761869127998
12,caltech256_bow_dense_hard_average_1000_unbalanced,svddO,9,0.0761166940739
12,caltech256_bow_dense_hard_average_1000_unbalanced,svddO,5,0.0759447736785
12,caltech256_bow_dense_hard_average_1000_unbalanced,svddO,6,0.0756876134262
12,caltech256_bow_dense_hard_average_1000_unbalanced,svddO,1,0.076076427775
12,caltech256_bow_dense_hard_average_1000_unbalanced,svddO,8,0.0758526159851
12,caltech256_bow_dense_hard_average_1000_unbalanced,svmO,2,0.0907943436935
12,caltech256_bow_dense_hard_average_1000_unbalanced,svmO,7,0.0964148230897
12,caltech256_bow_dense_hard_average_1000_unbalanced,svmO,9,0.111442479563
12,caltech256_bow_dense_hard_average_1000_unbalanced,svmO,3,0.10160445961
12,caltech256_bow_dense_hard_average_1000_unbalanced,svmO,6,0.21238471699
12,caltech256_bow_dense_hard_average_1000_unbalanced,svmO,5,0.118652942082
12,caltech256_bow_dense_hard_average_1000_unbalanced,svmO,4,0.109454031202
12,caltech256_bow_dense_hard_average_1000_unbalanced,svmO,10,0.0842532374211
12,caltech256_bow_dense_hard_average_1000_unbalanced,svmO,1,0.0990449353246
12,caltech256_bow_dense_hard_average_1000_unbalanced,svmO,8,0.108534556175
12,caltech256_bow_dense_hard_average_1000_unbalanced,svmdbcO,2,0.0930915506217
12,caltech256_bow_dense_hard_average_1000_unbalanced,svmdbcO,4,0.0975441833208
12,caltech256_bow_dense_hard_average_1000_unbalanced,svmdbcO,10,0.076206892366
12,caltech256_bow_dense_hard_average_1000_unbalanced,svmdbcO,9,0.0980453618858
12,caltech256_bow_dense_hard_average_1000_unbalanced,svmdbcO,3,0.0944165502163
12,caltech256_bow_dense_hard_average_1000_unbalanced,svmdbcO,7,0.10299031568
12,caltech256_bow_dense_hard_average_1000_unbalanced,svmdbcO,5,0.0922791574709
12,caltech256_bow_dense_hard_average_1000_unbalanced,svmdbcO,6,0.152274829495
12,caltech256_bow_dense_hard_average_1000_unbalanced,svmdbcO,1,0.0985545158741
12,caltech256_bow_dense_hard_average_1000_unbalanced,svmdbcO,8,0.0834997387576
12,caltech256_bow_dense_hard_average_1000_unbalanced,pisvmO,1,0.13821556695
12,caltech256_bow_dense_hard_average_1000_unbalanced,pisvmO,2,0.0906467304022
12,caltech256_bow_dense_hard_average_1000_unbalanced,pisvmO,3,0.136069823178
12,caltech256_bow_dense_hard_average_1000_unbalanced,pisvmO,4,0.111052632855
12,caltech256_bow_dense_hard_average_1000_unbalanced,pisvmO,5,0.145640277228
12,caltech256_bow_dense_hard_average_1000_unbalanced,pisvmO,6,0.225548460621
12,caltech256_bow_dense_hard_average_1000_unbalanced,pisvmO,7,0.119815485454
12,caltech256_bow_dense_hard_average_1000_unbalanced,pisvmO,8,0.125525419519
12,caltech256_bow_dense_hard_average_1000_unbalanced,pisvmO,9,0.129590347812
12,caltech256_bow_dense_hard_average_1000_unbalanced,pisvmO,10,0.103783955188
12,caltech256_bow_dense_hard_average_1000_unbalanced,onevsetO,2,0.00460286321848
12,caltech256_bow_dense_hard_average_1000_unbalanced,onevsetO,4,0.0117287246335
12,caltech256_bow_dense_hard_average_1000_unbalanced,onevsetO,10,0.0113357875247
12,caltech256_bow_dense_hard_average_1000_unbalanced,onevsetO,7,0.116778503502
12,caltech256_bow_dense_hard_average_1000_unbalanced,onevsetO,3,0.0224163745037
12,caltech256_bow_dense_hard_average_1000_unbalanced,onevsetO,9,0.0157051211023
12,caltech256_bow_dense_hard_average_1000_unbalanced,onevsetO,5,0.02017979405
12,caltech256_bow_dense_hard_average_1000_unbalanced,onevsetO,6,0.0728342536137
12,caltech256_bow_dense_hard_average_1000_unbalanced,onevsetO,1,0.138533046423
12,caltech256_bow_dense_hard_average_1000_unbalanced,onevsetO,8,0.018664290593
3,letter_unbalanced,ocsvmO,5,0.545489012913
3,letter_unbalanced,ocsvmO,8,0.372298031943
3,letter_unbalanced,ocsvmO,2,0.428689661923
3,letter_unbalanced,ocsvmO,4,0.53250722232
3,letter_unbalanced,ocsvmO,3,0.535335862299
3,letter_unbalanced,ocsvmO,10,0.556761758304
3,letter_unbalanced,ocsvmO,7,0.45575782894
3,letter_unbalanced,ocsvmO,9,0.508425937317
3,letter_unbalanced,ocsvmO,1,0.545397049753
3,letter_unbalanced,ocsvmO,6,0.526740105991
3,letter_unbalanced,ssvmO,1,0.851766393141
3,letter_unbalanced,ssvmO,2,0.367042149478
3,letter_unbalanced,ssvmO,3,0.684678044907
3,letter_unbalanced,ssvmO,4,0.614018615477
3,letter_unbalanced,ssvmO,5,0.676069643736
3,letter_unbalanced,ssvmO,6,0.56241833078
3,letter_unbalanced,ssvmO,7,0.406098407006
3,letter_unbalanced,ssvmO,8,0.399074485703
3,letter_unbalanced,ssvmO,9,0.59004844303
3,letter_unbalanced,ssvmO,10,0.628610335375
3,letter_unbalanced,svddO,5,0.240506329114
3,letter_unbalanced,svddO,8,0.244762930068
3,letter_unbalanced,svddO,2,0.245421654458
3,letter_unbalanced,svddO,4,0.240270168147
3,letter_unbalanced,svddO,3,0.240794870586
3,letter_unbalanced,svddO,10,0.240647380324
3,letter_unbalanced,svddO,7,0.243292600442
3,letter_unbalanced,svddO,9,0.239066432404
3,letter_unbalanced,svddO,6,0.236813001875
3,letter_unbalanced,svddO,1,0.234342979957
3,letter_unbalanced,svmO,8,0.0172647832358
3,letter_unbalanced,svmO,4,0.487378971552
3,letter_unbalanced,svmO,2,0.016458810554
3,letter_unbalanced,svmO,5,0.293196482776
3,letter_unbalanced,svmO,10,0.425379843484
3,letter_unbalanced,svmO,3,0.430596728265
3,letter_unbalanced,svmO,7,0.277370321415
3,letter_unbalanced,svmO,9,0.425292760759
3,letter_unbalanced,svmO,6,0.377373233761
3,letter_unbalanced,svmO,1,0.786999156984
3,letter_unbalanced,svmdbcO,1,0.737067885723
3,letter_unbalanced,svmdbcO,2,0.417040360479
3,letter_unbalanced,svmdbcO,3,0.506074306686
3,letter_unbalanced,svmdbcO,4,0.583054644288
3,letter_unbalanced,svmdbcO,5,0.61096790796
3,letter_unbalanced,svmdbcO,6,0.464632751186
3,letter_unbalanced,svmdbcO,7,0.381828656377
3,letter_unbalanced,svmdbcO,8,0.474956850864
3,letter_unbalanced,svmdbcO,9,0.564283822406
3,letter_unbalanced,svmdbcO,10,0.578342950614
3,letter_unbalanced,pisvmO,1,0.879388069698
3,letter_unbalanced,pisvmO,2,0.480442321342
3,letter_unbalanced,pisvmO,3,0.0628711702951
3,letter_unbalanced,pisvmO,4,0.381575161619
3,letter_unbalanced,pisvmO,5,0.496215720085
3,letter_unbalanced,pisvmO,6,0.592216624406
3,letter_unbalanced,pisvmO,7,0.431457710924
3,letter_unbalanced,pisvmO,8,0.417260049165
3,letter_unbalanced,pisvmO,9,0.357621849969
3,letter_unbalanced,pisvmO,10,0.389601935109
3,letter_unbalanced,onevsetO,1,0.468804042351
3,letter_unbalanced,onevsetO,2,0.331218440748
3,letter_unbalanced,onevsetO,3,0.366583503418
3,letter_unbalanced,onevsetO,4,0.384903588063
3,letter_unbalanced,onevsetO,5,0.397970615691
3,letter_unbalanced,onevsetO,6,0.361429704038
3,letter_unbalanced,onevsetO,7,0.345838180776
3,letter_unbalanced,onevsetO,8,0.390573938897
3,letter_unbalanced,onevsetO,9,0.374989684126
3,letter_unbalanced,onevsetO,10,0.364724264069
6,letter_unbalanced,ocsvmO,5,0.292025127933
6,letter_unbalanced,ocsvmO,4,0.29111010713
6,letter_unbalanced,ocsvmO,7,0.408249322116
6,letter_unbalanced,ocsvmO,10,0.504809680365
6,letter_unbalanced,ocsvmO,3,0.491629030381
6,letter_unbalanced,ocsvmO,6,0.465783675071
6,letter_unbalanced,ocsvmO,8,0.430489062199
6,letter_unbalanced,ocsvmO,2,0.585699583091
6,letter_unbalanced,ocsvmO,9,0.463317123286
6,letter_unbalanced,ocsvmO,1,0.423618244706
6,letter_unbalanced,ssvmO,1,0.611988771863
6,letter_unbalanced,ssvmO,2,0.609336888519
6,letter_unbalanced,ssvmO,3,0.58725822071
6,letter_unbalanced,ssvmO,4,0.317490471448
6,letter_unbalanced,ssvmO,5,0.335006142467
6,letter_unbalanced,ssvmO,6,0.505777231713
6,letter_unbalanced,ssvmO,7,0.403453143978
6,letter_unbalanced,ssvmO,8,0.584251429453
6,letter_unbalanced,ssvmO,9,0.63061990052
6,letter_unbalanced,ssvmO,10,0.55930557462
6,letter_unbalanced,svddO,5,0.137341084172
6,letter_unbalanced,svddO,4,0.137296369619
6,letter_unbalanced,svddO,7,0.134324524856
6,letter_unbalanced,svddO,10,0.134508995236
6,letter_unbalanced,svddO,3,0.134204768102
6,letter_unbalanced,svddO,6,0.134483077558
6,letter_unbalanced,svddO,8,0.132255899846
6,letter_unbalanced,svddO,2,0.131139629926
6,letter_unbalanced,svddO,9,0.130819726808
6,letter_unbalanced,svddO,1,0.130753177765
6,letter_unbalanced,svmO,5,0.280692651018
6,letter_unbalanced,svmO,4,0.317490471448
6,letter_unbalanced,svmO,10,0.510373090829
6,letter_unbalanced,svmO,7,0.353854973924
6,letter_unbalanced,svmO,3,0.528632098187
6,letter_unbalanced,svmO,6,0.465624525507
6,letter_unbalanced,svmO,2,0.570809039453
6,letter_unbalanced,svmO,8,0.593720000586
6,letter_unbalanced,svmO,1,0.441433620106
6,letter_unbalanced,svmO,9,0.590387371045
6,letter_unbalanced,svmdbcO,1,0.643119846778
6,letter_unbalanced,svmdbcO,2,0.615375739188
6,letter_unbalanced,svmdbcO,3,0.652277104062
6,letter_unbalanced,svmdbcO,4,0.297068157398
6,letter_unbalanced,svmdbcO,5,0.439631088048
6,letter_unbalanced,svmdbcO,6,0.358303163655
6,letter_unbalanced,svmdbcO,7,0.439290696624
6,letter_unbalanced,svmdbcO,8,0.659618167921
6,letter_unbalanced,svmdbcO,9,0.69564723427
6,letter_unbalanced,svmdbcO,10,0.484725432086
6,letter_unbalanced,pisvmO,1,0.718257894868
6,letter_unbalanced,pisvmO,2,0.685075573095
6,letter_unbalanced,pisvmO,3,0.532104417211
6,letter_unbalanced,pisvmO,4,0.35147285489
6,letter_unbalanced,pisvmO,5,0.434925570688
6,letter_unbalanced,pisvmO,6,0.584997796684
6,letter_unbalanced,pisvmO,7,0.547410253744
6,letter_unbalanced,pisvmO,8,0.776084028774
6,letter_unbalanced,pisvmO,9,0.697097765325
6,letter_unbalanced,pisvmO,10,0.589170587806
6,letter_unbalanced,onevsetO,1,0.40299587192
6,letter_unbalanced,onevsetO,2,0.378235167486
6,letter_unbalanced,onevsetO,3,0.360662903815
6,letter_unbalanced,onevsetO,4,0.0730289920642
6,letter_unbalanced,onevsetO,5,0.251311077446
6,letter_unbalanced,onevsetO,6,0.124096159175
6,letter_unbalanced,onevsetO,7,0.0859257339696
6,letter_unbalanced,onevsetO,8,0.349660521846
6,letter_unbalanced,onevsetO,9,0.309123768394
6,letter_unbalanced,onevsetO,10,0.33145379124
9,letter_unbalanced,ocsvmO,5,0.424646170382
9,letter_unbalanced,ocsvmO,8,0.374319802879
9,letter_unbalanced,ocsvmO,10,0.360823387486
9,letter_unbalanced,ocsvmO,6,0.393189657025
9,letter_unbalanced,ocsvmO,4,0.350661681849
9,letter_unbalanced,ocsvmO,2,0.31092977914
9,letter_unbalanced,ocsvmO,1,0.369820798236
9,letter_unbalanced,ocsvmO,7,0.378022688511
9,letter_unbalanced,ocsvmO,9,0.342936221074
9,letter_unbalanced,ocsvmO,3,0.374449471807
9,letter_unbalanced,ssvmO,1,0.518143729265
9,letter_unbalanced,ssvmO,2,0.371045050666
9,letter_unbalanced,ssvmO,3,0.638958445608
9,letter_unbalanced,ssvmO,4,0.497035313217
9,letter_unbalanced,ssvmO,5,0.603840942583
9,letter_unbalanced,ssvmO,6,0.533630441595
9,letter_unbalanced,ssvmO,7,0.596555813058
9,letter_unbalanced,ssvmO,8,0.440335102154
9,letter_unbalanced,ssvmO,9,0.500865172305
9,letter_unbalanced,ssvmO,10,0.46163152004
9,letter_unbalanced,svddO,5,0.0857626299251
9,letter_unbalanced,svddO,8,0.0913752665245
9,letter_unbalanced,svddO,10,0.0888662938485
9,letter_unbalanced,svddO,6,0.0890401710363
9,letter_unbalanced,svddO,4,0.0914765778699
9,letter_unbalanced,svddO,1,0.0889790398918
9,letter_unbalanced,svddO,2,0.0939575830332
9,letter_unbalanced,svddO,7,0.0856224996969
9,letter_unbalanced,svddO,9,0.0891608195341
9,letter_unbalanced,svddO,3,0.0854699818072
9,letter_unbalanced,svmO,5,0.541295228248
9,letter_unbalanced,svmO,8,0.455388095832
9,letter_unbalanced,svmO,6,0.295257740118
9,letter_unbalanced,svmO,10,0.481538266863
9,letter_unbalanced,svmO,4,0.472493851941
9,letter_unbalanced,svmO,1,0.52994957035
9,letter_unbalanced,svmO,2,0.351068996812
9,letter_unbalanced,svmO,7,0.609472540802
9,letter_unbalanced,svmO,9,0.418290393436
9,letter_unbalanced,svmO,3,0.640732078662
9,letter_unbalanced,svmdbcO,1,0.635389581303
9,letter_unbalanced,svmdbcO,2,0.381423583488
9,letter_unbalanced,svmdbcO,3,0.633747680295
9,letter_unbalanced,svmdbcO,4,0.497748485501
9,letter_unbalanced,svmdbcO,5,0.572715006127
9,letter_unbalanced,svmdbcO,6,0.447111424358
9,letter_unbalanced,svmdbcO,7,0.717510528577
9,letter_unbalanced,svmdbcO,8,0.561142032305
9,letter_unbalanced,svmdbcO,9,0.497385240515
9,letter_unbalanced,svmdbcO,10,0.548860429957
9,letter_unbalanced,pisvmO,1,0.65061972293
9,letter_unbalanced,pisvmO,2,0.349319120864
9,letter_unbalanced,pisvmO,3,0.733175576496
9,letter_unbalanced,pisvmO,4,0.556068240927
9,letter_unbalanced,pisvmO,5,0.662827263561
9,letter_unbalanced,pisvmO,6,0.614638686632
9,letter_unbalanced,pisvmO,7,0.734697720019
9,letter_unbalanced,pisvmO,8,0.527974221201
9,letter_unbalanced,pisvmO,9,0.578131015768
9,letter_unbalanced,pisvmO,10,0.536550120159
9,letter_unbalanced,onevsetO,1,0.385130358711
9,letter_unbalanced,onevsetO,2,0.256873980448
9,letter_unbalanced,onevsetO,3,0.435400169358
9,letter_unbalanced,onevsetO,4,0.151884414619
9,letter_unbalanced,onevsetO,5,0.38677125635
9,letter_unbalanced,onevsetO,6,0.279372333719
9,letter_unbalanced,onevsetO,7,0.418100259402
9,letter_unbalanced,onevsetO,8,0.148570221915
9,letter_unbalanced,onevsetO,9,0.336950091001
9,letter_unbalanced,onevsetO,10,0.340753748326
12,letter_unbalanced,ocsvmO,3,0.371274380623
12,letter_unbalanced,ocsvmO,6,0.366244524406
12,letter_unbalanced,ocsvmO,4,0.292909439446
12,letter_unbalanced,ocsvmO,7,0.434278404878
12,letter_unbalanced,ocsvmO,5,0.47045601632
12,letter_unbalanced,ocsvmO,1,0.424348994829
12,letter_unbalanced,ocsvmO,8,0.414687506843
12,letter_unbalanced,ocsvmO,2,0.43864263672
12,letter_unbalanced,ocsvmO,10,0.373368298859
12,letter_unbalanced,ocsvmO,9,0.373335146587
12,letter_unbalanced,ssvmO,1,0.585525087737
12,letter_unbalanced,ssvmO,2,0.674579431205
12,letter_unbalanced,ssvmO,3,0.429019082266
12,letter_unbalanced,ssvmO,4,0.388983488715
12,letter_unbalanced,ssvmO,5,0.574673716881
12,letter_unbalanced,ssvmO,6,0.390401801493
12,letter_unbalanced,ssvmO,7,0.581849528923
12,letter_unbalanced,ssvmO,8,0.644736306086
12,letter_unbalanced,ssvmO,9,0.510005494959
12,letter_unbalanced,ssvmO,10,0.502389983751
12,letter_unbalanced,svddO,3,0.0681868786756
12,letter_unbalanced,svddO,6,0.0682336424557
12,letter_unbalanced,svddO,4,0.0680968433956
12,letter_unbalanced,svddO,7,0.0600814828805
12,letter_unbalanced,svddO,5,0.0598976959924
12,letter_unbalanced,svddO,1,0.0599649365828
12,letter_unbalanced,svddO,8,0.0565077508043
12,letter_unbalanced,svddO,2,0.0561903640005
12,letter_unbalanced,svddO,9,0.0629763700352
12,letter_unbalanced,svddO,10,0.0631676916072
12,letter_unbalanced,svmO,3,0.441192774049
12,letter_unbalanced,svmO,6,0.358264382009
12,letter_unbalanced,svmO,4,0.378010164424
12,letter_unbalanced,svmO,7,0.570563131868
12,letter_unbalanced,svmO,1,0.595614787926
12,letter_unbalanced,svmO,5,0.541988795882
12,letter_unbalanced,svmO,2,0.643708770981
12,letter_unbalanced,svmO,8,0.599858401
12,letter_unbalanced,svmO,9,0.504019152172
12,letter_unbalanced,svmO,10,0.506985395724
12,letter_unbalanced,svmdbcO,1,0.660408527327
12,letter_unbalanced,svmdbcO,2,0.73752759024
12,letter_unbalanced,svmdbcO,3,0.525509427064
12,letter_unbalanced,svmdbcO,4,0.48863543129
12,letter_unbalanced,svmdbcO,5,0.508009487642
12,letter_unbalanced,svmdbcO,6,0.363429864398
12,letter_unbalanced,svmdbcO,7,0.664325067841
12,letter_unbalanced,svmdbcO,8,0.596590549531
12,letter_unbalanced,svmdbcO,9,0.469690114524
12,letter_unbalanced,svmdbcO,10,0.649975684122
12,letter_unbalanced,pisvmO,1,0.630201635815
12,letter_unbalanced,pisvmO,2,0.77722929798
12,letter_unbalanced,pisvmO,3,0.509455060952
12,letter_unbalanced,pisvmO,4,0.532155884579
12,letter_unbalanced,pisvmO,5,0.612122052251
12,letter_unbalanced,pisvmO,6,0.514945353659
12,letter_unbalanced,pisvmO,7,0.749086760006
12,letter_unbalanced,pisvmO,8,0.717786916901
12,letter_unbalanced,pisvmO,9,0.648694252112
12,letter_unbalanced,pisvmO,10,0.65365869281
12,letter_unbalanced,onevsetO,1,0.417375745336
12,letter_unbalanced,onevsetO,2,0.420981915513
12,letter_unbalanced,onevsetO,3,0.239030350467
12,letter_unbalanced,onevsetO,4,0.304904158541
12,letter_unbalanced,onevsetO,5,0.356051776315
12,letter_unbalanced,onevsetO,6,0.245893490076
12,letter_unbalanced,onevsetO,7,0.443991079632
12,letter_unbalanced,onevsetO,8,0.395775116538
12,letter_unbalanced,onevsetO,9,0.36794236485
12,letter_unbalanced,onevsetO,10,0.381045688549
